LoanID,IssueDate,IssueYear,IssueMonth,LoanAmount,Term_Months,InterestRate,Grade,Purpose,HomeOwnership,EmploymentLength,AnnualIncome,DTI,RevolvingUtilization,CreditHistoryYears,Delinquencies2Yrs,OpenAccounts,DefaultFlag,LoanStatus,DTI_Segment,RiskTier,HighRevolvingUtil,ThinFile,HighDTI,LoanToIncome,DefaultProbability,CapitalAtRisk
LC001000,2023-11-01,2023,11,10000,60,10.26,B,Debt Consolidation,RENT,8 years,39147,25.93,22.48,15.4,0,11,0,Fully Paid,DTI 20-30% (Moderate),Grade A/B (Prime),0,0,0,0.2554,0.0767,767
LC001001,2024-12-01,2024,12,15000,60,27.05,F,Small Business,RENT,10+ years,56505,14.49,10.51,11.1,0,7,1,Charged Off,DTI < 20% (Low),Grade E/F (Critical),0,0,0,0.2655,0.3847,5770
LC001002,2024-05-01,2024,5,15000,60,16.31,D,Auto,OWN,3 years,54525,37.65,37.61,23.4,0,5,1,Charged Off,DTI 30-43% (High),Grade C/D (High),0,0,0,0.2751,0.2436,3654
LC001003,2023-07-01,2023,7,20000,60,13.16,C,Medical,RENT,7 years,68866,26.29,58.4,5.2,1,14,0,Fully Paid,DTI 20-30% (Moderate),Grade C/D (High),0,0,0,0.2904,0.1864,3727
LC001004,2020-03-01,2020,3,20000,60,6.03,A,Education,RENT,7 years,47367,34.77,43.65,14.2,2,14,0,Fully Paid,DTI 30-43% (High),Grade A/B (Prime),0,0,0,0.4222,0.1025,2050
LC001005,2021-09-01,2021,9,5000,36,5.84,A,Medical,MORTGAGE,10+ years,21630,49.39,21.17,9.8,0,3,0,Fully Paid,DTI > 43% (Very High),Grade A/B (Prime),0,0,1,0.2312,0.1502,751
LC001006,2024-09-01,2024,9,25000,36,5.48,A,Medical,RENT,10+ years,43635,35.56,2.47,6.6,0,7,0,Fully Paid,DTI 30-43% (High),Grade A/B (Prime),0,0,0,0.5729,0.1044,2611
LC001007,2024-08-01,2024,8,25000,36,20.0,E,Education,MORTGAGE,< 1 year,80572,12.71,33.56,14.9,0,6,1,Charged Off,DTI < 20% (Low),Grade E/F (Critical),0,0,0,0.3103,0.2753,6882
LC001008,2023-01-01,2023,1,15000,60,16.49,D,Debt Consolidation,RENT,8 years,46691,39.28,10.53,15.0,0,11,0,Fully Paid,DTI 30-43% (High),Grade C/D (High),0,0,0,0.3213,0.2501,3752
LC001009,2023-12-01,2023,12,5000,36,16.93,D,Small Business,MORTGAGE,< 1 year,47897,19.86,63.68,9.6,0,6,1,Charged Off,DTI < 20% (Low),Grade C/D (High),0,0,0,0.1044,0.2166,1083
LC001010,2024-12-01,2024,12,25000,60,6.32,A,Debt Consolidation,RENT,6 years,88715,29.28,74.05,33.6,0,6,0,Fully Paid,DTI 20-30% (Moderate),Grade A/B (Prime),0,0,0,0.2818,0.1022,2556
LC001011,2022-02-01,2022,2,40000,36,26.47,F,Vacation,RENT,3 years,37950,16.18,53.2,23.3,0,8,0,Fully Paid,DTI < 20% (Low),Grade E/F (Critical),0,0,0,1.054,0.3794,15176
LC001012,2020-02-01,2020,2,10000,36,20.64,E,Vacation,OWN,3 years,25049,45.07,30.28,17.5,0,10,0,Fully Paid,DTI > 43% (Very High),Grade E/F (Critical),0,0,1,0.3992,0.3753,3753
LC001013,2023-03-01,2023,3,15000,36,9.69,B,Debt Consolidation,RENT,4 years,49995,20.83,56.25,19.6,0,7,0,Fully Paid,DTI 20-30% (Moderate),Grade A/B (Prime),0,0,0,0.3,0.0688,1032
LC001014,2024-02-01,2024,2,10000,60,8.15,B,Medical,MORTGAGE,7 years,42528,20.46,72.87,12.7,0,7,0,Fully Paid,DTI 20-30% (Moderate),Grade A/B (Prime),0,0,0,0.2351,0.1075,1075
LC001015,2023-01-01,2023,1,20000,36,9.82,B,Auto,RENT,4 years,33419,42.11,26.53,14.5,0,11,0,Fully Paid,DTI 30-43% (High),Grade A/B (Prime),0,0,0,0.5985,0.1429,2859
LC001016,2024-11-01,2024,11,10000,36,8.4,B,Debt Consolidation,RENT,9 years,49628,22.25,19.4,16.0,0,11,0,Fully Paid,DTI 20-30% (Moderate),Grade A/B (Prime),0,0,0,0.2015,0.062,620
LC001017,2022-05-01,2022,5,15000,36,12.2,C,Small Business,OWN,5 years,69269,41.72,30.57,16.1,1,5,0,Fully Paid,DTI 30-43% (High),Grade C/D (High),0,0,0,0.2165,0.2019,3028
LC001018,2019-06-01,2019,6,25000,36,11.63,C,Auto,RENT,< 1 year,53925,26.4,32.88,21.6,0,6,0,Fully Paid,DTI 20-30% (Moderate),Grade C/D (High),0,0,0,0.4636,0.1286,3215
LC001019,2020-07-01,2020,7,20000,36,8.8,B,Debt Consolidation,MORTGAGE,9 years,63164,23.42,24.75,18.2,1,6,0,Fully Paid,DTI 20-30% (Moderate),Grade A/B (Prime),0,0,0,0.3166,0.0787,1574
LC001020,2024-10-01,2024,10,15000,36,17.58,D,Medical,OWN,3 years,134149,13.41,44.19,20.0,1,7,0,Fully Paid,DTI < 20% (Low),Grade C/D (High),0,0,0,0.1118,0.185,2775
LC001021,2022-07-01,2022,7,15000,36,6.81,A,Debt Consolidation,MORTGAGE,5 years,45641,37.65,42.38,12.4,2,8,0,Fully Paid,DTI 30-43% (High),Grade A/B (Prime),0,0,0,0.3287,0.1194,1791
LC001022,2019-02-01,2019,2,20000,36,9.98,B,Auto,OWN,8 years,62266,46.86,46.31,14.2,0,7,0,Fully Paid,DTI > 43% (Very High),Grade A/B (Prime),0,0,1,0.3212,0.1628,3257
LC001023,2024-07-01,2024,7,5000,60,9.62,B,Vacation,RENT,4 years,41999,28.34,44.31,14.4,1,9,1,Charged Off,DTI 20-30% (Moderate),Grade A/B (Prime),0,0,0,0.1191,0.1002,501
LC001024,2022-02-01,2022,2,5000,60,11.92,C,Vacation,RENT,< 1 year,35483,45.4,29.02,11.3,1,9,1,Charged Off,DTI > 43% (Very High),Grade C/D (High),0,0,1,0.1409,0.2277,1138
LC001025,2024-02-01,2024,2,35000,36,21.14,E,Home Improvement,RENT,4 years,40439,18.94,36.73,5.5,1,9,0,Fully Paid,DTI < 20% (Low),Grade E/F (Critical),0,0,0,0.8655,0.3155,11042
LC001026,2022-12-01,2022,12,5000,36,8.58,B,Auto,MORTGAGE,10+ years,42643,31.2,58.28,4.7,0,11,1,Charged Off,DTI 30-43% (High),Grade A/B (Prime),0,0,0,0.1173,0.1453,726
LC001027,2019-06-01,2019,6,25000,36,13.86,C,Education,OWN,8 years,64844,21.35,26.38,8.0,0,14,0,Fully Paid,DTI 20-30% (Moderate),Grade C/D (High),0,0,0,0.3855,0.1294,3235
LC001028,2023-06-01,2023,6,35000,60,11.84,C,Home Improvement,RENT,8 years,175350,41.92,49.43,8.6,0,7,0,Fully Paid,DTI 30-43% (High),Grade C/D (High),0,0,0,0.1996,0.2099,7346
LC001029,2024-08-01,2024,8,10000,36,7.11,A,Education,MORTGAGE,7 years,37872,23.01,51.86,10.0,0,5,0,Fully Paid,DTI 20-30% (Moderate),Grade A/B (Prime),0,0,0,0.264,0.0478,478
LC001030,2019-05-01,2019,5,15000,36,17.51,D,Debt Consolidation,RENT,2 years,43989,30.21,46.96,14.5,0,9,0,Fully Paid,DTI 30-43% (High),Grade C/D (High),0,0,0,0.341,0.2153,3230
LC001031,2024-05-01,2024,5,20000,36,7.86,A,Small Business,MORTGAGE,5 years,52493,37.53,80.68,23.1,0,11,0,Fully Paid,DTI 30-43% (High),Grade A/B (Prime),1,0,0,0.381,0.1485,2970
LC001032,2020-10-01,2020,10,35000,36,6.07,A,Debt Consolidation,MORTGAGE,9 years,66032,43.31,48.73,6.5,0,7,0,Fully Paid,DTI > 43% (Very High),Grade A/B (Prime),0,0,1,0.53,0.1357,4751
LC001033,2021-01-01,2021,1,35000,36,27.37,F,Debt Consolidation,OWN,1 year,61807,45.32,49.77,11.8,1,5,0,Fully Paid,DTI > 43% (Very High),Grade E/F (Critical),0,0,1,0.5663,0.4959,17356
LC001034,2021-04-01,2021,4,25000,60,28.63,F,Debt Consolidation,MORTGAGE,3 years,102955,11.68,14.13,18.2,0,14,0,Fully Paid,DTI < 20% (Low),Grade E/F (Critical),0,0,0,0.2428,0.373,9325
LC001035,2024-01-01,2024,1,5000,36,20.91,E,Medical,RENT,3 years,18000,36.79,47.6,19.5,0,14,1,Charged Off,DTI 30-43% (High),Grade E/F (Critical),0,0,0,0.2778,0.3422,1711
LC001036,2022-10-01,2022,10,25000,36,7.97,B,Home Improvement,RENT,5 years,18000,28.22,58.9,16.9,0,9,0,Fully Paid,DTI 20-30% (Moderate),Grade A/B (Prime),0,0,0,1.3889,0.1037,2592
LC001037,2022-05-01,2022,5,15000,36,4.9,A,Medical,RENT,10+ years,42280,29.32,39.99,13.6,0,12,0,Fully Paid,DTI 20-30% (Moderate),Grade A/B (Prime),0,0,0,0.3548,0.0585,877
LC001038,2024-08-01,2024,8,20000,60,17.37,D,Debt Consolidation,RENT,< 1 year,93775,31.6,28.35,17.9,0,10,0,Fully Paid,DTI 30-43% (High),Grade C/D (High),0,0,0,0.2133,0.2194,4388
LC001039,2019-01-01,2019,1,5000,36,11.29,C,Home Improvement,RENT,6 years,24765,16.9,25.35,6.9,0,12,0,Fully Paid,DTI < 20% (Low),Grade C/D (High),0,0,0,0.2019,0.1273,636
LC001040,2019-03-01,2019,3,10000,36,6.1,A,Small Business,OWN,2 years,18000,33.98,77.91,17.7,1,8,0,Fully Paid,DTI 30-43% (High),Grade A/B (Prime),1,0,0,0.5556,0.1407,1407
LC001041,2019-01-01,2019,1,30000,60,13.15,C,Education,MORTGAGE,10+ years,72084,20.58,53.95,20.3,0,10,0,Fully Paid,DTI 20-30% (Moderate),Grade C/D (High),0,0,0,0.4162,0.1132,3397
LC001042,2023-06-01,2023,6,15000,60,6.55,A,Home Improvement,MORTGAGE,1 year,61195,14.91,48.31,18.1,0,8,0,Fully Paid,DTI < 20% (Low),Grade A/B (Prime),0,0,0,0.2451,0.02,300
LC001043,2022-10-01,2022,10,15000,36,27.14,F,Small Business,RENT,5 years,31410,36.61,11.89,12.9,0,11,1,Charged Off,DTI 30-43% (High),Grade E/F (Critical),0,0,0,0.4775,0.4457,6686
LC001044,2024-01-01,2024,1,15000,36,9.38,B,Auto,OWN,9 years,33098,37.32,56.1,12.9,0,9,0,Fully Paid,DTI 30-43% (High),Grade A/B (Prime),0,0,0,0.4532,0.1408,2112
LC001045,2022-10-01,2022,10,30000,36,17.82,D,Small Business,MORTGAGE,8 years,33361,39.77,27.74,7.6,0,8,0,Fully Paid,DTI 30-43% (High),Grade C/D (High),0,0,0,0.8993,0.2743,8228
LC001046,2020-12-01,2020,12,25000,60,8.44,B,Debt Consolidation,RENT,5 years,57255,24.93,19.34,13.4,0,14,0,Fully Paid,DTI 20-30% (Moderate),Grade A/B (Prime),0,0,0,0.4366,0.0775,1938
LC001047,2024-03-01,2024,3,10000,36,12.26,C,Debt Consolidation,MORTGAGE,4 years,39610,44.28,44.73,16.2,0,10,0,Fully Paid,DTI > 43% (Very High),Grade C/D (High),0,0,1,0.2525,0.2001,2001
LC001048,2021-05-01,2021,5,5000,36,12.18,C,Auto,MORTGAGE,5 years,69358,29.9,37.45,17.2,0,7,0,Fully Paid,DTI 20-30% (Moderate),Grade C/D (High),0,0,0,0.0721,0.1426,713
LC001049,2024-05-01,2024,5,10000,36,9.86,B,Debt Consolidation,RENT,3 years,18000,40.83,53.47,15.1,0,9,0,Fully Paid,DTI 30-43% (High),Grade A/B (Prime),0,0,0,0.5556,0.1433,1433
LC001050,2020-02-01,2020,2,35000,36,27.52,F,Auto,MORTGAGE,2 years,35298,39.76,34.66,2.3,1,8,1,Charged Off,DTI 30-43% (High),Grade E/F (Critical),0,1,0,0.9916,0.5021,17575
LC001051,2020-03-01,2020,3,20000,36,17.16,D,Small Business,MORTGAGE,6 years,30852,22.96,16.71,9.9,0,10,1,Charged Off,DTI 20-30% (Moderate),Grade C/D (High),0,0,0,0.6482,0.2001,4003
LC001052,2022-09-01,2022,9,20000,60,27.75,F,Auto,RENT,3 years,47659,22.71,16.98,17.6,0,10,0,Fully Paid,DTI 20-30% (Moderate),Grade E/F (Critical),0,0,0,0.4196,0.3838,7677
LC001053,2019-01-01,2019,1,20000,36,20.46,E,Education,OWN,3 years,41398,29.9,39.36,21.7,2,10,1,Charged Off,DTI 20-30% (Moderate),Grade E/F (Critical),0,0,0,0.4831,0.3386,6772
LC001054,2019-01-01,2019,1,15000,60,14.13,C,Vacation,MORTGAGE,8 years,80735,47.16,62.6,10.8,1,6,1,Charged Off,DTI > 43% (Very High),Grade C/D (High),0,0,1,0.1858,0.2614,3922
LC001055,2022-12-01,2022,12,30000,36,28.02,F,Home Improvement,MORTGAGE,10+ years,21383,25.69,28.98,27.5,1,12,0,Fully Paid,DTI 20-30% (Moderate),Grade E/F (Critical),0,0,0,1.403,0.4078,12233
LC001056,2020-02-01,2020,2,20000,60,6.99,A,Education,MORTGAGE,7 years,55423,29.85,56.26,12.9,0,6,0,Fully Paid,DTI 20-30% (Moderate),Grade A/B (Prime),0,0,0,0.3609,0.0752,1504
LC001057,2019-08-01,2019,8,5000,60,10.63,B,Home Improvement,RENT,< 1 year,71623,32.01,19.95,13.4,0,4,0,Fully Paid,DTI 30-43% (High),Grade A/B (Prime),0,0,0,0.0698,0.1058,529
LC001058,2021-06-01,2021,6,10000,36,5.07,A,Home Improvement,MORTGAGE,< 1 year,137081,22.95,21.78,8.9,0,14,0,Fully Paid,DTI 20-30% (Moderate),Grade A/B (Prime),0,0,0,0.0729,0.0471,471
LC001059,2022-04-01,2022,4,20000,36,8.78,B,Small Business,MORTGAGE,10+ years,42579,43.41,62.69,11.0,0,13,1,Charged Off,DTI > 43% (Very High),Grade A/B (Prime),0,0,1,0.4697,0.184,3680
LC001060,2021-07-01,2021,7,35000,36,8.61,B,Auto,RENT,3 years,63718,22.88,20.65,6.0,0,9,0,Fully Paid,DTI 20-30% (Moderate),Grade A/B (Prime),0,0,0,0.5493,0.0915,3203
LC001061,2020-06-01,2020,6,15000,36,9.78,B,Vacation,MORTGAGE,1 year,21984,33.21,42.21,12.2,0,10,0,Fully Paid,DTI 30-43% (High),Grade A/B (Prime),0,0,0,0.6823,0.1142,1714
LC001062,2022-09-01,2022,9,30000,36,20.56,E,Education,MORTGAGE,7 years,18000,34.44,25.68,28.8,0,4,0,Fully Paid,DTI 30-43% (High),Grade E/F (Critical),0,0,0,1.6667,0.3328,9983
LC001063,2023-06-01,2023,6,25000,36,9.81,B,Home Improvement,MORTGAGE,7 years,82651,36.86,40.15,14.8,0,8,1,Charged Off,DTI 30-43% (High),Grade A/B (Prime),0,0,0,0.3025,0.121,3026
LC001064,2023-02-01,2023,2,10000,60,10.3,B,Home Improvement,RENT,8 years,54026,31.58,90.78,6.9,3,4,0,Fully Paid,DTI 30-43% (High),Grade A/B (Prime),1,0,0,0.1851,0.2412,2412
LC001065,2021-03-01,2021,3,5000,60,13.36,C,Medical,MORTGAGE,3 years,97661,19.83,28.31,13.4,0,6,0,Fully Paid,DTI < 20% (Low),Grade C/D (High),0,0,0,0.0512,0.1078,539
LC001066,2020-09-01,2020,9,5000,36,6.63,A,Debt Consolidation,RENT,< 1 year,27263,43.53,52.87,16.5,0,11,0,Fully Paid,DTI > 43% (Very High),Grade A/B (Prime),0,0,1,0.1834,0.1169,584
LC001067,2022-07-01,2022,7,25000,60,20.61,E,Debt Consolidation,RENT,10+ years,70260,8.1,34.14,13.2,0,5,0,Fully Paid,DTI < 20% (Low),Grade E/F (Critical),0,0,0,0.3558,0.2804,7010
LC001068,2024-06-01,2024,6,10000,60,5.72,A,Home Improvement,RENT,3 years,137917,26.57,73.93,7.4,0,11,0,Fully Paid,DTI 20-30% (Moderate),Grade A/B (Prime),0,0,0,0.0725,0.1139,1139
LC001069,2022-05-01,2022,5,15000,36,27.8,F,Debt Consolidation,RENT,8 years,66826,29.63,32.54,13.3,0,7,1,Charged Off,DTI 20-30% (Moderate),Grade E/F (Critical),0,0,0,0.2245,0.4166,6249
LC001070,2020-03-01,2020,3,20000,36,17.42,D,Debt Consolidation,MORTGAGE,8 years,62211,32.49,55.2,15.4,1,12,0,Fully Paid,DTI 30-43% (High),Grade C/D (High),0,0,0,0.3215,0.2454,4907
LC001071,2019-04-01,2019,4,25000,36,9.17,B,Debt Consolidation,MORTGAGE,7 years,54409,22.67,11.42,19.7,1,5,0,Fully Paid,DTI 20-30% (Moderate),Grade A/B (Prime),0,0,0,0.4595,0.0757,1892
LC001072,2024-01-01,2024,1,5000,36,6.07,A,Debt Consolidation,RENT,3 years,24700,33.98,29.19,21.6,0,3,0,Fully Paid,DTI 30-43% (High),Grade A/B (Prime),0,0,0,0.2024,0.0729,365
LC001073,2023-05-01,2023,5,15000,36,19.78,E,Debt Consolidation,OWN,3 years,106701,32.12,63.65,17.5,0,8,1,Charged Off,DTI 30-43% (High),Grade E/F (Critical),0,0,0,0.1406,0.3508,5262
LC001074,2021-07-01,2021,7,20000,36,15.94,D,Vacation,OWN,7 years,39918,35.9,68.34,19.7,0,9,0,Fully Paid,DTI 30-43% (High),Grade C/D (High),0,0,0,0.501,0.2733,5466
LC001075,2021-02-01,2021,2,20000,60,18.33,D,Home Improvement,OWN,10+ years,69720,36.68,33.75,9.2,1,6,0,Fully Paid,DTI 30-43% (High),Grade C/D (High),0,0,0,0.2869,0.2691,5382
LC001076,2024-11-01,2024,11,30000,60,15.78,D,Home Improvement,RENT,10+ years,24797,33.49,40.52,18.5,0,5,0,Fully Paid,DTI 30-43% (High),Grade C/D (High),0,0,0,1.2098,0.227,6809
LC001077,2020-12-01,2020,12,10000,36,6.55,A,Medical,MORTGAGE,1 year,30040,38.25,36.94,21.2,0,5,0,Fully Paid,DTI 30-43% (High),Grade A/B (Prime),0,0,0,0.3329,0.09,900
LC001078,2022-08-01,2022,8,30000,60,10.01,B,Debt Consolidation,OWN,2 years,111029,31.81,58.1,7.4,0,9,0,Fully Paid,DTI 30-43% (High),Grade A/B (Prime),0,0,0,0.2702,0.1392,4177
LC001079,2023-12-01,2023,12,25000,60,5.4,A,Vacation,MORTGAGE,10+ years,45540,19.8,47.2,19.3,0,7,0,Fully Paid,DTI < 20% (Low),Grade A/B (Prime),0,0,0,0.549,0.02,500
LC001080,2021-10-01,2021,10,20000,36,21.55,E,Education,RENT,9 years,112043,18.63,41.8,22.7,0,6,0,Fully Paid,DTI < 20% (Low),Grade E/F (Critical),0,0,0,0.1785,0.275,5500
LC001081,2019-06-01,2019,6,25000,60,17.55,D,Debt Consolidation,RENT,10+ years,52098,31.42,45.28,18.3,0,9,0,Fully Paid,DTI 30-43% (High),Grade C/D (High),0,0,0,0.4799,0.2187,5467
LC001082,2020-10-01,2020,10,15000,36,9.21,B,Home Improvement,MORTGAGE,2 years,21570,19.14,44.35,11.2,0,10,0,Fully Paid,DTI < 20% (Low),Grade A/B (Prime),0,0,0,0.6954,0.0644,966
LC001083,2024-03-01,2024,3,10000,36,8.69,A,Auto,OWN,7 years,84629,10.64,33.5,19.7,0,6,0,Fully Paid,DTI < 20% (Low),Grade A/B (Prime),0,0,0,0.1182,0.02,200
LC001084,2022-02-01,2022,2,25000,36,7.87,B,Vacation,MORTGAGE,8 years,40338,43.69,23.45,18.1,1,8,0,Fully Paid,DTI > 43% (Very High),Grade A/B (Prime),0,0,1,0.6198,0.1598,3994
LC001085,2024-08-01,2024,8,20000,36,10.05,B,Home Improvement,MORTGAGE,8 years,76830,47.5,42.44,12.0,0,6,0,Fully Paid,DTI > 43% (Very High),Grade A/B (Prime),0,0,1,0.2603,0.172,3440
LC001086,2022-04-01,2022,4,25000,36,16.66,D,Small Business,RENT,5 years,54864,20.1,51.75,35.0,0,3,0,Fully Paid,DTI 20-30% (Moderate),Grade C/D (High),0,0,0,0.4557,0.1769,4422
LC001087,2024-07-01,2024,7,15000,36,17.42,D,Debt Consolidation,MORTGAGE,< 1 year,25045,23.64,33.29,6.3,0,11,0,Fully Paid,DTI 20-30% (Moderate),Grade C/D (High),0,0,0,0.5989,0.2137,3205
LC001088,2024-07-01,2024,7,35000,60,21.75,E,Vacation,MORTGAGE,7 years,58815,20.95,12.74,16.6,1,5,1,Charged Off,DTI 20-30% (Moderate),Grade E/F (Critical),0,0,0,0.5951,0.2908,10178
LC001089,2022-10-01,2022,10,20000,60,12.21,C,Debt Consolidation,RENT,3 years,162448,31.43,54.8,4.8,1,7,0,Fully Paid,DTI 30-43% (High),Grade C/D (High),0,0,0,0.1231,0.2009,4018
LC001090,2021-09-01,2021,9,5000,36,6.58,A,Vacation,MORTGAGE,5 years,69320,19.81,43.38,15.8,0,13,0,Fully Paid,DTI < 20% (Low),Grade A/B (Prime),0,0,0,0.0721,0.02,100
LC001091,2023-10-01,2023,10,15000,36,15.31,D,Medical,OWN,10+ years,52641,22.89,34.56,12.1,0,7,0,Fully Paid,DTI 20-30% (Moderate),Grade C/D (High),0,0,0,0.285,0.1933,2899
LC001092,2023-08-01,2023,8,25000,60,17.28,D,Small Business,RENT,5 years,92751,35.57,57.13,21.1,0,5,0,Fully Paid,DTI 30-43% (High),Grade C/D (High),0,0,0,0.2695,0.2495,6238
LC001093,2022-12-01,2022,12,30000,36,13.04,C,Small Business,MORTGAGE,10+ years,60194,16.53,19.68,13.2,0,5,0,Fully Paid,DTI < 20% (Low),Grade C/D (High),0,0,0,0.4984,0.1084,3252
LC001094,2024-08-01,2024,8,20000,36,17.31,D,Debt Consolidation,RENT,2 years,60160,27.91,57.43,18.5,0,3,1,Charged Off,DTI 20-30% (Moderate),Grade C/D (High),0,0,0,0.3324,0.2195,4390
LC001095,2020-07-01,2020,7,35000,36,13.65,C,Debt Consolidation,MORTGAGE,8 years,31388,15.22,18.4,12.9,0,5,0,Fully Paid,DTI < 20% (Low),Grade C/D (High),0,0,0,1.1151,0.1093,3825
LC001096,2021-10-01,2021,10,10000,60,13.09,C,Debt Consolidation,MORTGAGE,10+ years,60896,17.62,34.72,17.3,0,9,0,Fully Paid,DTI < 20% (Low),Grade C/D (High),0,0,0,0.1642,0.103,1030
LC001097,2023-05-01,2023,5,15000,60,12.92,C,Debt Consolidation,MORTGAGE,1 year,90919,14.32,2.12,23.9,1,7,0,Fully Paid,DTI < 20% (Low),Grade C/D (High),0,0,0,0.165,0.115,1725
LC001098,2020-09-01,2020,9,35000,60,5.7,A,Education,MORTGAGE,< 1 year,35667,27.71,23.13,15.9,3,10,0,Fully Paid,DTI 20-30% (Moderate),Grade A/B (Prime),0,0,0,0.9813,0.0838,2934
LC001099,2022-12-01,2022,12,35000,36,5.83,A,Home Improvement,RENT,5 years,110442,27.59,41.25,10.8,1,6,0,Fully Paid,DTI 20-30% (Moderate),Grade A/B (Prime),0,0,0,0.3169,0.072,2519
LC001100,2024-11-01,2024,11,25000,60,7.35,A,Debt Consolidation,OWN,1 year,51748,9.55,19.51,12.2,0,10,0,Fully Paid,DTI < 20% (Low),Grade A/B (Prime),0,0,0,0.4831,0.0254,635
LC001101,2023-07-01,2023,7,30000,36,17.95,D,Vacation,MORTGAGE,9 years,34756,26.05,61.87,5.0,0,11,0,Fully Paid,DTI 20-30% (Moderate),Grade C/D (High),0,0,0,0.8632,0.2509,7528
LC001102,2024-12-01,2024,12,5000,36,9.01,B,Auto,RENT,10+ years,89216,14.24,19.06,20.2,0,8,0,Fully Paid,DTI < 20% (Low),Grade A/B (Prime),0,0,0,0.056,0.053,265
LC001103,2023-11-01,2023,11,30000,36,12.84,C,Auto,MORTGAGE,5 years,46939,47.17,30.46,11.3,1,11,0,Fully Paid,DTI > 43% (Very High),Grade C/D (High),0,0,1,0.6391,0.2348,7043
LC001104,2023-03-01,2023,3,15000,60,26.08,F,Vacation,MORTGAGE,3 years,79202,36.76,49.72,15.3,0,7,0,Fully Paid,DTI 30-43% (High),Grade E/F (Critical),0,0,0,0.1894,0.44,6601
LC001105,2022-12-01,2022,12,10000,36,10.14,B,Debt Consolidation,RENT,5 years,46823,32.92,44.23,4.5,0,10,0,Fully Paid,DTI 30-43% (High),Grade A/B (Prime),0,0,0,0.2136,0.1362,1362
LC001106,2020-06-01,2020,6,10000,36,13.33,C,Home Improvement,OWN,9 years,52580,37.09,70.74,13.6,1,7,0,Fully Paid,DTI 30-43% (High),Grade C/D (High),0,0,0,0.1902,0.229,2290
LC001107,2022-03-01,2022,3,15000,60,18.35,D,Education,OWN,< 1 year,69340,24.81,35.36,23.3,0,8,0,Fully Paid,DTI 20-30% (Moderate),Grade C/D (High),0,0,0,0.2163,0.1922,2884
LC001108,2020-06-01,2020,6,10000,60,8.5,B,Medical,RENT,7 years,62658,35.74,80.8,16.0,0,9,0,Fully Paid,DTI 30-43% (High),Grade A/B (Prime),1,0,0,0.1596,0.1776,1776
LC001109,2024-08-01,2024,8,15000,60,6.1,A,Debt Consolidation,OWN,7 years,19975,19.59,31.08,35.0,0,5,1,Charged Off,DTI < 20% (Low),Grade A/B (Prime),0,0,0,0.7509,0.02,300
LC001110,2021-09-01,2021,9,10000,36,9.39,B,Education,RENT,7 years,30927,26.65,18.0,11.3,0,7,0,Fully Paid,DTI 20-30% (Moderate),Grade A/B (Prime),0,0,0,0.3233,0.0907,907
LC001111,2020-02-01,2020,2,10000,60,6.92,A,Debt Consolidation,RENT,3 years,86224,17.11,41.67,15.6,0,13,0,Fully Paid,DTI < 20% (Low),Grade A/B (Prime),0,0,0,0.116,0.02,200
LC001112,2023-06-01,2023,6,20000,60,26.63,F,Debt Consolidation,RENT,8 years,50713,52.27,27.86,14.4,1,4,0,Fully Paid,DTI > 43% (Very High),Grade E/F (Critical),0,0,1,0.3944,0.5159,10318
LC001113,2022-03-01,2022,3,15000,36,20.7,E,Small Business,OWN,1 year,41695,11.53,34.04,20.4,0,9,0,Fully Paid,DTI < 20% (Low),Grade E/F (Critical),0,0,0,0.3598,0.275,4125
LC001114,2019-07-01,2019,7,15000,36,17.51,D,Small Business,MORTGAGE,2 years,27466,17.59,44.06,14.1,1,9,0,Fully Paid,DTI < 20% (Low),Grade C/D (High),0,0,0,0.5461,0.1877,2816
LC001115,2020-11-01,2020,11,25000,36,21.98,E,Small Business,RENT,10+ years,31575,18.98,20.67,11.0,1,7,0,Fully Paid,DTI < 20% (Low),Grade E/F (Critical),0,0,0,0.7918,0.299,7475
LC001116,2024-04-01,2024,4,35000,36,20.67,E,Debt Consolidation,RENT,9 years,19714,43.76,9.91,15.0,1,9,1,Charged Off,DTI > 43% (Very High),Grade E/F (Critical),0,0,1,1.7754,0.382,13371
LC001117,2022-05-01,2022,5,25000,36,10.28,B,Auto,MORTGAGE,< 1 year,51501,25.79,20.28,16.1,1,8,0,Fully Paid,DTI 20-30% (Moderate),Grade A/B (Prime),0,0,0,0.4854,0.0882,2204
LC001118,2020-10-01,2020,10,15000,36,22.34,E,Debt Consolidation,RENT,3 years,40166,19.58,79.7,19.1,0,6,0,Fully Paid,DTI < 20% (Low),Grade E/F (Critical),1,0,0,0.3734,0.3344,5016
LC001119,2022-06-01,2022,6,25000,36,12.91,C,Debt Consolidation,OWN,2 years,33413,33.75,45.26,16.1,0,7,0,Fully Paid,DTI 30-43% (High),Grade C/D (High),0,0,0,0.7482,0.158,3950
LC001120,2020-11-01,2020,11,10000,36,21.46,E,Auto,MORTGAGE,3 years,52362,51.59,26.08,27.5,0,8,1,Charged Off,DTI > 43% (Very High),Grade E/F (Critical),0,0,1,0.191,0.4014,4014
LC001121,2020-08-01,2020,8,10000,60,21.84,E,Vacation,MORTGAGE,3 years,64990,23.17,49.39,33.6,1,12,0,Fully Paid,DTI 20-30% (Moderate),Grade E/F (Critical),0,0,0,0.1539,0.2997,2997
LC001122,2024-02-01,2024,2,15000,36,8.51,B,Auto,OWN,< 1 year,154292,37.52,54.54,11.5,0,2,0,Fully Paid,DTI 30-43% (High),Grade A/B (Prime),0,0,0,0.0972,0.1427,2140
LC001123,2021-04-01,2021,4,30000,36,6.42,A,Education,RENT,5 years,25439,39.21,13.68,21.3,0,8,1,Charged Off,DTI 30-43% (High),Grade A/B (Prime),0,0,0,1.1793,0.0938,2815
LC001124,2019-11-01,2019,11,10000,60,7.48,B,Medical,OWN,9 years,96731,20.55,51.34,19.2,0,6,0,Fully Paid,DTI 20-30% (Moderate),Grade A/B (Prime),0,0,0,0.1034,0.0579,579
LC001125,2024-04-01,2024,4,5000,36,13.5,C,Small Business,MORTGAGE,7 years,88128,14.9,44.6,5.2,2,5,0,Fully Paid,DTI < 20% (Low),Grade C/D (High),0,0,0,0.0567,0.1564,782
LC001126,2023-06-01,2023,6,10000,36,20.15,E,Debt Consolidation,MORTGAGE,8 years,36697,21.97,43.89,25.1,0,6,1,Charged Off,DTI 20-30% (Moderate),Grade E/F (Critical),0,0,0,0.2725,0.2829,2829
LC001127,2020-04-01,2020,4,30000,36,22.6,E,Home Improvement,RENT,1 year,59971,31.6,32.04,9.8,0,8,1,Charged Off,DTI 30-43% (High),Grade E/F (Critical),0,0,0,0.5002,0.337,10110
LC001128,2021-11-01,2021,11,25000,60,6.14,A,Home Improvement,OWN,10+ years,43096,26.61,25.5,9.6,0,12,0,Fully Paid,DTI 20-30% (Moderate),Grade A/B (Prime),0,0,0,0.5801,0.0596,1491
LC001129,2024-05-01,2024,5,10000,60,12.63,C,Debt Consolidation,RENT,10+ years,59447,23.8,63.51,15.9,0,7,0,Fully Paid,DTI 20-30% (Moderate),Grade C/D (High),0,0,0,0.1682,0.1452,1452
LC001130,2021-05-01,2021,5,20000,60,12.3,C,Medical,RENT,10+ years,115216,18.6,38.8,18.7,0,7,0,Fully Paid,DTI < 20% (Low),Grade C/D (High),0,0,0,0.1736,0.103,2060
LC001131,2022-08-01,2022,8,20000,60,8.97,B,Small Business,RENT,10+ years,73336,18.33,34.82,18.5,0,5,0,Fully Paid,DTI < 20% (Low),Grade A/B (Prime),0,0,0,0.2727,0.053,1060
LC001132,2022-04-01,2022,4,25000,36,7.53,A,Debt Consolidation,MORTGAGE,10+ years,69864,31.86,34.18,14.9,0,7,0,Fully Paid,DTI 30-43% (High),Grade A/B (Prime),0,0,0,0.3578,0.0647,1618
LC001133,2021-12-01,2021,12,10000,60,7.21,B,Debt Consolidation,MORTGAGE,6 years,43689,23.2,66.43,14.4,0,6,0,Fully Paid,DTI 20-30% (Moderate),Grade A/B (Prime),0,0,0,0.2289,0.1005,1005
LC001134,2023-06-01,2023,6,30000,60,27.82,F,Medical,MORTGAGE,2 years,25796,26.9,40.41,14.3,0,12,1,Charged Off,DTI 20-30% (Moderate),Grade E/F (Critical),0,0,0,1.163,0.4027,12081
LC001135,2022-07-01,2022,7,15000,36,9.47,B,Debt Consolidation,OWN,7 years,48814,8.09,34.05,14.5,0,11,0,Fully Paid,DTI < 20% (Low),Grade A/B (Prime),0,0,0,0.3073,0.0545,818
LC001136,2019-08-01,2019,8,25000,60,11.83,C,Auto,RENT,9 years,99042,21.24,29.72,16.6,0,3,0,Fully Paid,DTI 20-30% (Moderate),Grade C/D (High),0,0,0,0.2524,0.108,2699
LC001137,2024-09-01,2024,9,5000,36,15.94,D,Small Business,MORTGAGE,9 years,25246,41.89,4.2,21.6,0,12,0,Fully Paid,DTI 30-43% (High),Grade C/D (High),0,0,0,0.1981,0.2606,1303
LC001138,2019-10-01,2019,10,15000,36,10.54,B,Small Business,RENT,6 years,31967,39.83,35.99,20.1,0,2,0,Fully Paid,DTI 30-43% (High),Grade A/B (Prime),0,0,0,0.4692,0.1323,1985
LC001139,2022-08-01,2022,8,15000,60,26.04,F,Small Business,OWN,< 1 year,57707,41.28,11.07,20.9,0,10,1,Charged Off,DTI 30-43% (High),Grade E/F (Critical),0,0,0,0.2599,0.4581,6872
LC001140,2022-04-01,2022,4,20000,36,25.88,F,Education,MORTGAGE,4 years,33113,37.94,37.58,17.7,2,8,1,Charged Off,DTI 30-43% (High),Grade E/F (Critical),0,0,0,0.604,0.4688,9375
LC001141,2023-04-01,2023,4,5000,36,10.11,B,Home Improvement,MORTGAGE,10+ years,36452,29.65,12.25,19.1,0,5,1,Charged Off,DTI 20-30% (Moderate),Grade A/B (Prime),0,0,0,0.1372,0.0916,458
LC001142,2021-10-01,2021,10,30000,60,13.07,C,Medical,MORTGAGE,7 years,43836,37.65,32.38,15.9,0,10,0,Fully Paid,DTI 30-43% (High),Grade C/D (High),0,0,0,0.6844,0.1736,5208
LC001143,2023-11-01,2023,11,10000,60,8.45,B,Small Business,RENT,6 years,27370,23.08,40.24,19.3,0,7,0,Fully Paid,DTI 20-30% (Moderate),Grade A/B (Prime),0,0,0,0.3654,0.0653,653
LC001144,2020-05-01,2020,5,25000,60,9.37,B,Debt Consolidation,MORTGAGE,3 years,33288,39.77,76.43,16.6,3,4,0,Fully Paid,DTI 30-43% (High),Grade A/B (Prime),1,0,0,0.751,0.2209,5524
LC001145,2023-03-01,2023,3,30000,36,5.58,A,Auto,MORTGAGE,4 years,77012,22.49,49.18,5.3,1,13,0,Fully Paid,DTI 20-30% (Moderate),Grade A/B (Prime),0,0,0,0.3896,0.0681,2042
LC001146,2024-02-01,2024,2,20000,36,17.68,D,Education,MORTGAGE,10+ years,28179,38.53,55.47,7.2,1,12,0,Fully Paid,DTI 30-43% (High),Grade C/D (High),0,0,0,0.7098,0.2935,5869
LC001147,2024-02-01,2024,2,25000,60,13.65,C,Medical,RENT,8 years,24369,33.66,30.8,14.7,0,8,0,Fully Paid,DTI 30-43% (High),Grade C/D (High),0,0,0,1.0259,0.1585,3963
LC001148,2022-09-01,2022,9,25000,36,6.83,A,Auto,MORTGAGE,9 years,39537,25.05,42.41,7.9,0,12,0,Fully Paid,DTI 20-30% (Moderate),Grade A/B (Prime),0,0,0,0.6323,0.0585,1462
LC001149,2021-08-01,2021,8,15000,60,9.49,B,Auto,MORTGAGE,5 years,78118,9.67,40.53,15.6,0,4,0,Fully Paid,DTI < 20% (Low),Grade A/B (Prime),0,0,0,0.192,0.053,795
LC001150,2020-06-01,2020,6,30000,60,28.21,F,Medical,RENT,7 years,49096,42.29,13.62,18.2,0,7,1,Charged Off,DTI 30-43% (High),Grade E/F (Critical),0,0,0,0.611,0.4622,13865
LC001151,2021-09-01,2021,9,10000,60,9.2,B,Education,RENT,3 years,42946,31.17,33.39,18.8,1,6,0,Fully Paid,DTI 30-43% (High),Grade A/B (Prime),0,0,0,0.2328,0.1097,1097
LC001152,2022-05-01,2022,5,20000,36,5.45,A,Medical,MORTGAGE,8 years,55391,26.15,32.41,14.5,0,12,0,Fully Paid,DTI 20-30% (Moderate),Grade A/B (Prime),0,0,0,0.3611,0.0431,862
LC001153,2020-12-01,2020,12,25000,36,13.16,C,Medical,MORTGAGE,5 years,22633,28.63,39.93,18.2,0,8,0,Fully Paid,DTI 20-30% (Moderate),Grade C/D (High),0,0,0,1.1046,0.1375,3438
LC001154,2024-10-01,2024,10,15000,60,28.47,F,Small Business,RENT,5 years,69380,13.03,77.53,21.2,0,8,0,Fully Paid,DTI < 20% (Low),Grade E/F (Critical),1,0,0,0.2162,0.4281,6421
LC001155,2024-01-01,2024,1,15000,36,8.39,B,Education,RENT,8 years,65625,18.28,54.02,22.1,1,9,0,Fully Paid,DTI < 20% (Low),Grade A/B (Prime),0,0,0,0.2286,0.073,1096
LC001156,2019-08-01,2019,8,15000,60,16.51,D,Debt Consolidation,RENT,10+ years,44150,40.27,70.94,21.5,0,9,1,Charged Off,DTI 30-43% (High),Grade C/D (High),0,0,0,0.3398,0.296,4439
LC001157,2022-03-01,2022,3,30000,60,17.13,D,Auto,RENT,< 1 year,89587,43.48,59.38,16.7,2,3,1,Charged Off,DTI > 43% (Very High),Grade C/D (High),0,0,1,0.3349,0.3097,9290
LC001158,2023-09-01,2023,9,35000,36,9.16,B,Auto,MORTGAGE,10+ years,30830,16.41,40.94,10.3,1,5,0,Fully Paid,DTI < 20% (Low),Grade A/B (Prime),0,0,0,1.1352,0.0791,2768
LC001159,2020-11-01,2020,11,20000,60,16.01,D,Debt Consolidation,MORTGAGE,3 years,95221,30.43,30.37,7.1,1,6,0,Fully Paid,DTI 30-43% (High),Grade C/D (High),0,0,0,0.21,0.2504,5008
LC001160,2022-01-01,2022,1,25000,36,10.1,B,Education,MORTGAGE,5 years,58527,28.65,14.2,14.5,1,8,0,Fully Paid,DTI 20-30% (Moderate),Grade A/B (Prime),0,0,0,0.4272,0.1011,2527
LC001161,2021-03-01,2021,3,35000,36,18.66,D,Debt Consolidation,MORTGAGE,< 1 year,45786,35.89,39.58,14.0,0,15,0,Fully Paid,DTI 30-43% (High),Grade C/D (High),0,0,0,0.7644,0.2396,8385
LC001162,2020-01-01,2020,1,5000,36,16.96,D,Home Improvement,RENT,3 years,53641,23.07,34.57,21.3,0,4,0,Fully Paid,DTI 20-30% (Moderate),Grade C/D (High),0,0,0,0.0932,0.1853,926
LC001163,2023-01-01,2023,1,10000,60,12.08,C,Medical,MORTGAGE,6 years,51347,35.68,58.75,11.1,0,12,0,Fully Paid,DTI 30-43% (High),Grade C/D (High),0,0,0,0.1948,0.1949,1949
LC001164,2024-06-01,2024,6,25000,36,5.16,A,Debt Consolidation,MORTGAGE,< 1 year,99722,37.31,39.92,17.0,1,6,0,Fully Paid,DTI 30-43% (High),Grade A/B (Prime),0,0,0,0.2507,0.0982,2456
LC001165,2021-04-01,2021,4,30000,36,21.61,E,Education,OWN,6 years,31624,30.28,10.66,5.3,0,10,0,Fully Paid,DTI 30-43% (High),Grade E/F (Critical),0,0,0,0.9487,0.3452,10357
LC001166,2022-10-01,2022,10,30000,36,10.08,B,Education,MORTGAGE,10+ years,37002,37.51,65.44,14.1,0,11,0,Fully Paid,DTI 30-43% (High),Grade A/B (Prime),0,0,0,0.8108,0.1566,4699
LC001167,2021-04-01,2021,4,15000,36,9.58,B,Small Business,RENT,1 year,90958,19.98,3.06,14.2,0,3,0,Fully Paid,DTI < 20% (Low),Grade A/B (Prime),0,0,0,0.1649,0.0554,831
LC001168,2024-05-01,2024,5,5000,36,6.4,A,Debt Consolidation,MORTGAGE,9 years,40225,38.13,56.56,10.9,1,10,0,Fully Paid,DTI 30-43% (High),Grade A/B (Prime),0,0,0,0.1243,0.1269,635
LC001169,2024-03-01,2024,3,15000,36,12.33,C,Debt Consolidation,RENT,5 years,84988,15.76,28.06,5.9,0,10,1,Charged Off,DTI < 20% (Low),Grade C/D (High),0,0,0,0.1765,0.1303,1954
LC001170,2020-12-01,2020,12,10000,60,15.93,D,Small Business,MORTGAGE,8 years,126718,37.96,67.2,10.7,0,6,0,Fully Paid,DTI 30-43% (High),Grade C/D (High),0,0,0,0.0789,0.2921,2921
LC001171,2024-02-01,2024,2,10000,36,7.07,A,Vacation,RENT,3 years,44316,37.68,25.28,27.7,1,2,0,Fully Paid,DTI 30-43% (High),Grade A/B (Prime),0,0,0,0.2257,0.0997,997
LC001172,2020-10-01,2020,10,30000,36,13.53,C,Medical,RENT,2 years,76167,31.2,26.14,10.6,0,7,0,Fully Paid,DTI 30-43% (High),Grade C/D (High),0,0,0,0.3939,0.161,4830
LC001173,2019-08-01,2019,8,5000,36,7.96,B,Debt Consolidation,OWN,2 years,30429,24.7,33.4,32.9,1,4,0,Fully Paid,DTI 20-30% (Moderate),Grade A/B (Prime),0,0,0,0.1643,0.0838,419
LC001174,2023-11-01,2023,11,30000,60,18.07,D,Medical,RENT,< 1 year,79013,21.92,15.68,11.4,1,14,0,Fully Paid,DTI 20-30% (Moderate),Grade C/D (High),0,0,0,0.3797,0.2035,6104
LC001175,2021-07-01,2021,7,15000,36,6.86,A,Small Business,MORTGAGE,2 years,59857,34.41,48.54,6.9,1,15,1,Charged Off,DTI 30-43% (High),Grade A/B (Prime),0,0,0,0.2506,0.1109,1664
LC001176,2022-10-01,2022,10,20000,60,17.92,D,Education,RENT,8 years,68632,13.58,31.12,10.8,1,7,0,Fully Paid,DTI < 20% (Low),Grade C/D (High),0,0,0,0.2914,0.1976,3952
LC001177,2023-04-01,2023,4,5000,60,8.13,B,Debt Consolidation,MORTGAGE,10+ years,39231,20.29,24.14,10.9,0,11,0,Fully Paid,DTI 20-30% (Moderate),Grade A/B (Prime),0,0,0,0.1275,0.0665,332
LC001178,2019-02-01,2019,2,15000,60,25.71,F,Education,MORTGAGE,10+ years,23611,34.11,56.94,7.7,0,7,0,Fully Paid,DTI 30-43% (High),Grade E/F (Critical),0,0,0,0.6353,0.4652,6978
LC001179,2021-12-01,2021,12,5000,60,6.28,A,Small Business,MORTGAGE,8 years,69677,20.99,67.63,13.1,0,11,0,Fully Paid,DTI 20-30% (Moderate),Grade A/B (Prime),0,0,0,0.0718,0.0619,310
LC001180,2022-09-01,2022,9,40000,36,9.6,B,Vacation,RENT,1 year,19308,24.59,30.61,8.8,1,9,0,Fully Paid,DTI 20-30% (Moderate),Grade A/B (Prime),0,0,0,2.0716,0.102,4078
LC001181,2021-08-01,2021,8,30000,60,7.84,A,Home Improvement,RENT,3 years,46227,30.66,18.08,14.5,0,11,0,Fully Paid,DTI 30-43% (High),Grade A/B (Prime),0,0,0,0.649,0.0611,1834
LC001182,2019-04-01,2019,4,15000,36,27.36,F,Medical,RENT,3 years,86733,27.7,26.75,10.5,1,8,1,Charged Off,DTI 20-30% (Moderate),Grade E/F (Critical),0,0,0,0.1729,0.4293,6440
LC001183,2019-11-01,2019,11,10000,60,21.21,E,Auto,RENT,3 years,59632,16.5,41.14,27.3,0,8,0,Fully Paid,DTI < 20% (Low),Grade E/F (Critical),0,0,0,0.1677,0.275,2750
LC001184,2024-05-01,2024,5,35000,60,8.38,B,Debt Consolidation,MORTGAGE,6 years,143512,24.29,23.36,28.8,0,12,0,Fully Paid,DTI 20-30% (Moderate),Grade A/B (Prime),0,0,0,0.2439,0.0702,2456
LC001185,2024-10-01,2024,10,15000,60,17.78,D,Auto,OWN,6 years,90450,29.7,36.26,35.0,0,3,0,Fully Paid,DTI 20-30% (Moderate),Grade C/D (High),0,0,0,0.1658,0.2118,3177
LC001186,2020-06-01,2020,6,10000,36,20.63,E,Medical,OWN,4 years,39068,37.88,65.46,17.6,0,11,0,Fully Paid,DTI 30-43% (High),Grade E/F (Critical),0,0,0,0.256,0.3774,3774
LC001187,2020-04-01,2020,4,20000,36,14.1,C,Debt Consolidation,MORTGAGE,4 years,54921,44.7,49.61,18.9,1,13,0,Fully Paid,DTI > 43% (Very High),Grade C/D (High),0,0,1,0.3642,0.2138,4276
LC001188,2023-02-01,2023,2,35000,36,12.57,C,Home Improvement,MORTGAGE,10+ years,52908,33.13,34.7,15.6,1,4,1,Charged Off,DTI 30-43% (High),Grade C/D (High),0,0,0,0.6615,0.1675,5863
LC001189,2024-05-01,2024,5,5000,36,10.47,B,Medical,MORTGAGE,9 years,24561,10.21,25.4,11.0,0,7,0,Fully Paid,DTI < 20% (Low),Grade A/B (Prime),0,0,0,0.2036,0.065,325
LC001190,2021-11-01,2021,11,10000,36,6.94,A,Debt Consolidation,RENT,3 years,33854,49.47,35.68,16.1,0,12,0,Fully Paid,DTI > 43% (Very High),Grade A/B (Prime),0,0,1,0.2954,0.1349,1349
LC001191,2024-01-01,2024,1,35000,36,21.29,E,Small Business,OWN,10+ years,40930,33.44,50.1,21.5,0,8,0,Fully Paid,DTI 30-43% (High),Grade E/F (Critical),0,0,0,0.8551,0.329,11514
LC001192,2022-07-01,2022,7,10000,60,26.38,F,Home Improvement,MORTGAGE,10+ years,19573,25.01,23.54,19.9,1,7,0,Fully Paid,DTI 20-30% (Moderate),Grade E/F (Critical),0,0,0,0.5109,0.405,4050
LC001193,2024-09-01,2024,9,5000,36,16.53,D,Small Business,MORTGAGE,4 years,55478,25.97,20.39,14.5,3,14,0,Fully Paid,DTI 20-30% (Moderate),Grade C/D (High),0,0,0,0.0901,0.2344,1172
LC001194,2020-03-01,2020,3,20000,60,9.54,B,Debt Consolidation,RENT,4 years,47833,32.58,21.04,15.4,1,8,1,Charged Off,DTI 30-43% (High),Grade A/B (Prime),0,0,0,0.4181,0.1153,2306
LC001195,2024-06-01,2024,6,30000,36,9.26,B,Auto,RENT,6 years,23472,18.4,44.02,8.1,0,6,0,Fully Paid,DTI < 20% (Low),Grade A/B (Prime),0,0,0,1.2781,0.0737,2211
LC001196,2022-09-01,2022,9,20000,60,16.32,D,Vacation,MORTGAGE,10+ years,66311,17.72,27.45,15.1,0,8,0,Fully Paid,DTI < 20% (Low),Grade C/D (High),0,0,0,0.3016,0.173,3460
LC001197,2024-11-01,2024,11,40000,60,21.27,E,Vacation,OWN,10+ years,77492,27.44,63.84,9.3,1,9,1,Charged Off,DTI 20-30% (Moderate),Grade E/F (Critical),0,0,0,0.5162,0.3615,14462
LC001198,2022-04-01,2022,4,25000,36,21.46,E,Medical,MORTGAGE,1 year,60689,49.34,34.33,19.6,0,6,1,Charged Off,DTI > 43% (Very High),Grade E/F (Critical),0,0,1,0.4119,0.3924,9809
LC001199,2022-06-01,2022,6,5000,36,15.1,D,Debt Consolidation,RENT,5 years,46072,33.44,51.0,19.4,0,5,0,Fully Paid,DTI 30-43% (High),Grade C/D (High),0,0,0,0.1085,0.2288,1144
LC001200,2024-03-01,2024,3,40000,36,17.17,D,Education,OWN,6 years,72818,17.37,30.24,25.0,0,10,0,Fully Paid,DTI < 20% (Low),Grade C/D (High),0,0,0,0.5493,0.173,6920
LC001201,2023-09-01,2023,9,15000,60,5.62,A,Debt Consolidation,RENT,6 years,76123,9.07,51.1,11.1,0,10,0,Fully Paid,DTI < 20% (Low),Grade A/B (Prime),0,0,0,0.197,0.0309,464
LC001202,2023-07-01,2023,7,10000,36,5.48,A,Debt Consolidation,RENT,2 years,63177,17.25,36.71,4.9,1,6,0,Fully Paid,DTI < 20% (Low),Grade A/B (Prime),0,0,0,0.1583,0.0593,593
LC001203,2021-07-01,2021,7,20000,36,20.05,E,Home Improvement,RENT,10+ years,35871,30.19,14.32,16.5,1,13,0,Fully Paid,DTI 30-43% (High),Grade E/F (Critical),0,0,0,0.5575,0.3278,6555
LC001204,2023-04-01,2023,4,15000,36,15.36,D,Small Business,MORTGAGE,8 years,62212,22.48,19.92,18.3,1,5,0,Fully Paid,DTI 20-30% (Moderate),Grade C/D (High),0,0,0,0.2411,0.1949,2924
LC001205,2024-06-01,2024,6,5000,36,5.32,A,Education,OWN,10+ years,98493,38.0,41.75,17.7,0,7,0,Fully Paid,DTI 30-43% (High),Grade A/B (Prime),0,0,0,0.0508,0.089,445
LC001206,2019-11-01,2019,11,5000,60,5.83,A,Medical,RENT,10+ years,40203,18.56,28.79,6.5,0,6,0,Fully Paid,DTI < 20% (Low),Grade A/B (Prime),0,0,0,0.1244,0.0425,212
LC001207,2022-11-01,2022,11,15000,36,18.36,D,Home Improvement,OWN,9 years,154658,26.28,7.29,30.2,0,19,0,Fully Paid,DTI 20-30% (Moderate),Grade C/D (High),0,0,0,0.097,0.1981,2972
LC001208,2024-08-01,2024,8,30000,36,5.98,A,Debt Consolidation,RENT,5 years,41655,41.99,37.73,20.0,1,5,0,Fully Paid,DTI 30-43% (High),Grade A/B (Prime),0,0,0,0.7202,0.117,3509
LC001209,2023-06-01,2023,6,20000,36,6.54,A,Vacation,OWN,7 years,55061,18.57,87.01,19.8,1,11,0,Fully Paid,DTI < 20% (Low),Grade A/B (Prime),1,0,0,0.3632,0.103,2060
LC001210,2024-06-01,2024,6,40000,60,13.12,C,Home Improvement,MORTGAGE,2 years,38706,22.19,47.74,20.1,0,11,0,Fully Paid,DTI 20-30% (Moderate),Grade C/D (High),0,0,0,1.0334,0.1118,4470
LC001211,2024-04-01,2024,4,10000,36,16.9,D,Home Improvement,MORTGAGE,8 years,60575,24.7,20.04,12.5,0,8,1,Charged Off,DTI 20-30% (Moderate),Grade C/D (High),0,0,0,0.1651,0.1993,1993
LC001212,2023-08-01,2023,8,10000,60,16.74,D,Debt Consolidation,RENT,2 years,22672,28.44,58.12,4.9,0,13,1,Charged Off,DTI 20-30% (Moderate),Grade C/D (High),0,0,0,0.4411,0.2533,2533
LC001213,2023-10-01,2023,10,10000,36,8.24,B,Education,OWN,8 years,41232,27.19,66.13,17.8,0,4,0,Fully Paid,DTI 20-30% (Moderate),Grade A/B (Prime),0,0,0,0.2425,0.114,1140
LC001214,2024-08-01,2024,8,10000,60,17.96,D,Medical,MORTGAGE,2 years,31380,12.26,47.81,14.5,0,9,0,Fully Paid,DTI < 20% (Low),Grade C/D (High),0,0,0,0.3187,0.1745,1745
LC001215,2024-09-01,2024,9,10000,60,10.65,B,Debt Consolidation,RENT,1 year,57969,17.42,39.39,22.9,1,12,0,Fully Paid,DTI < 20% (Low),Grade A/B (Prime),0,0,0,0.1725,0.065,650
LC001216,2024-06-01,2024,6,30000,36,7.85,B,Debt Consolidation,MORTGAGE,2 years,89074,23.09,16.15,17.1,0,11,0,Fully Paid,DTI 20-30% (Moderate),Grade A/B (Prime),0,0,0,0.3368,0.0654,1961
LC001217,2019-02-01,2019,2,35000,36,15.98,D,Medical,RENT,< 1 year,74832,22.82,23.94,3.1,0,6,0,Fully Paid,DTI 20-30% (Moderate),Grade C/D (High),0,0,0,0.4677,0.22,7699
LC001218,2020-04-01,2020,4,40000,36,16.58,D,Medical,OWN,8 years,18000,39.2,60.07,10.7,0,3,0,Fully Paid,DTI 30-43% (High),Grade C/D (High),0,0,0,2.2222,0.2828,11314
LC001219,2022-04-01,2022,4,10000,60,20.63,E,Debt Consolidation,RENT,9 years,150397,44.06,43.07,7.2,1,6,1,Charged Off,DTI > 43% (Very High),Grade E/F (Critical),0,0,1,0.0665,0.4066,4066
LC001220,2023-08-01,2023,8,35000,36,17.2,D,Vacation,MORTGAGE,6 years,62796,39.53,66.15,10.3,0,5,1,Charged Off,DTI 30-43% (High),Grade C/D (High),0,0,0,0.5574,0.2975,10413
LC001221,2021-05-01,2021,5,15000,36,12.22,C,Debt Consolidation,MORTGAGE,2 years,36745,17.23,13.76,22.0,1,8,0,Fully Paid,DTI < 20% (Low),Grade C/D (High),0,0,0,0.4082,0.115,1725
LC001222,2019-04-01,2019,4,5000,36,8.13,A,Home Improvement,RENT,1 year,58604,43.14,42.35,19.6,0,7,0,Fully Paid,DTI > 43% (Very High),Grade A/B (Prime),0,0,1,0.0853,0.1096,548
LC001223,2021-08-01,2021,8,35000,36,10.15,B,Vacation,RENT,< 1 year,59166,30.43,22.73,8.7,0,4,0,Fully Paid,DTI 30-43% (High),Grade A/B (Prime),0,0,0,0.5916,0.1136,3977
LC001224,2023-03-01,2023,3,25000,36,9.37,B,Home Improvement,RENT,2 years,38816,24.81,62.89,10.5,1,5,0,Fully Paid,DTI 20-30% (Moderate),Grade A/B (Prime),0,0,0,0.6441,0.1235,3088
LC001225,2024-02-01,2024,2,10000,60,10.02,B,Medical,MORTGAGE,10+ years,59812,25.64,29.4,19.2,0,11,1,Charged Off,DTI 20-30% (Moderate),Grade A/B (Prime),0,0,0,0.1672,0.0756,756
LC001226,2024-04-01,2024,4,15000,60,27.68,F,Home Improvement,RENT,3 years,39985,34.98,4.79,21.1,0,16,0,Fully Paid,DTI 30-43% (High),Grade E/F (Critical),0,0,0,0.3751,0.4329,6494
LC001227,2021-11-01,2021,11,10000,36,8.75,B,Debt Consolidation,MORTGAGE,4 years,44259,6.96,43.76,15.9,0,11,0,Fully Paid,DTI < 20% (Low),Grade A/B (Prime),0,0,0,0.2259,0.053,530
LC001228,2021-01-01,2021,1,25000,60,20.75,E,Vacation,RENT,1 year,38440,23.32,44.62,11.5,1,7,0,Fully Paid,DTI 20-30% (Moderate),Grade E/F (Critical),0,0,0,0.6504,0.3108,7770
LC001229,2021-01-01,2021,1,15000,60,16.86,D,Home Improvement,RENT,2 years,26467,42.48,83.69,26.7,1,17,0,Fully Paid,DTI 30-43% (High),Grade C/D (High),1,0,0,0.5667,0.3423,5134
LC001230,2021-05-01,2021,5,40000,60,22.09,E,Auto,MORTGAGE,6 years,58274,21.17,47.41,18.5,0,9,1,Charged Off,DTI 20-30% (Moderate),Grade E/F (Critical),0,0,0,0.6864,0.2797,11187
LC001231,2023-11-01,2023,11,5000,36,12.91,C,Debt Consolidation,RENT,7 years,72595,39.24,8.24,5.9,1,10,0,Fully Paid,DTI 30-43% (High),Grade C/D (High),0,0,0,0.0689,0.2193,1096
LC001232,2021-01-01,2021,1,15000,36,11.54,C,Debt Consolidation,OWN,3 years,70083,13.84,63.56,35.0,0,10,0,Fully Paid,DTI < 20% (Low),Grade C/D (High),0,0,0,0.214,0.1301,1952
LC001233,2019-04-01,2019,4,20000,60,12.16,C,Debt Consolidation,OWN,< 1 year,81631,22.62,28.79,32.3,0,7,0,Fully Paid,DTI 20-30% (Moderate),Grade C/D (High),0,0,0,0.245,0.1135,2270
LC001234,2022-08-01,2022,8,20000,60,9.14,B,Medical,MORTGAGE,5 years,63715,22.9,22.08,20.2,0,14,0,Fully Paid,DTI 20-30% (Moderate),Grade A/B (Prime),0,0,0,0.3139,0.0646,1292
LC001235,2020-08-01,2020,8,15000,36,16.74,D,Home Improvement,MORTGAGE,2 years,41508,30.95,50.22,15.6,1,10,0,Fully Paid,DTI 30-43% (High),Grade C/D (High),0,0,0,0.3614,0.2292,3439
LC001236,2019-02-01,2019,2,25000,36,10.78,B,Auto,OWN,2 years,82440,26.93,48.15,14.0,0,7,0,Fully Paid,DTI 20-30% (Moderate),Grade A/B (Prime),0,0,0,0.3032,0.0837,2093
LC001237,2022-03-01,2022,3,35000,36,5.29,A,Home Improvement,RENT,10+ years,27481,15.11,31.26,11.0,0,10,0,Fully Paid,DTI < 20% (Low),Grade A/B (Prime),0,0,0,1.2736,0.029,1015
LC001238,2020-03-01,2020,3,35000,36,17.2,D,Vacation,RENT,7 years,34533,45.76,26.58,20.4,0,8,0,Fully Paid,DTI > 43% (Very High),Grade C/D (High),0,0,1,1.0135,0.276,9661
LC001239,2022-01-01,2022,1,30000,36,7.59,A,Debt Consolidation,RENT,6 years,33453,24.32,18.74,10.0,0,17,1,Charged Off,DTI 20-30% (Moderate),Grade A/B (Prime),0,0,0,0.8968,0.0493,1478
LC001240,2021-11-01,2021,11,30000,36,28.62,F,Auto,MORTGAGE,5 years,92970,28.23,66.86,7.8,1,8,1,Charged Off,DTI 20-30% (Moderate),Grade E/F (Critical),0,0,0,0.3227,0.4732,14197
LC001241,2023-03-01,2023,3,20000,36,26.48,F,Education,RENT,5 years,86803,20.28,23.93,16.6,2,6,0,Fully Paid,DTI 20-30% (Moderate),Grade E/F (Critical),0,0,0,0.2304,0.3981,7962
LC001242,2024-08-01,2024,8,30000,60,27.19,F,Education,MORTGAGE,6 years,69124,19.29,63.05,9.4,0,10,1,Charged Off,DTI < 20% (Low),Grade E/F (Critical),0,0,0,0.434,0.4159,12477
LC001243,2022-06-01,2022,6,15000,36,9.66,B,Education,OWN,8 years,92593,9.79,63.18,10.2,0,4,0,Fully Paid,DTI < 20% (Low),Grade A/B (Prime),0,0,0,0.162,0.0938,1406
LC001244,2023-05-01,2023,5,15000,36,6.56,A,Education,OWN,8 years,34904,35.99,55.09,21.5,0,9,0,Fully Paid,DTI 30-43% (High),Grade A/B (Prime),0,0,0,0.4297,0.0911,1367
LC001245,2024-10-01,2024,10,15000,36,26.72,F,Small Business,MORTGAGE,2 years,64492,32.56,23.53,18.7,1,9,0,Fully Paid,DTI 30-43% (High),Grade E/F (Critical),0,0,0,0.2326,0.4352,6529
LC001246,2021-12-01,2021,12,20000,36,13.15,C,Debt Consolidation,RENT,6 years,50890,24.05,31.4,9.8,0,11,0,Fully Paid,DTI 20-30% (Moderate),Grade C/D (High),0,0,0,0.393,0.1348,2696
LC001247,2020-09-01,2020,9,10000,36,24.77,F,Debt Consolidation,MORTGAGE,5 years,82739,18.55,57.1,30.7,0,10,0,Fully Paid,DTI < 20% (Low),Grade E/F (Critical),0,0,0,0.1209,0.3872,3872
LC001248,2021-07-01,2021,7,40000,60,27.35,F,Auto,MORTGAGE,10+ years,51143,19.95,9.27,15.7,1,11,1,Charged Off,DTI < 20% (Low),Grade E/F (Critical),0,0,0,0.7821,0.385,15400
LC001249,2021-06-01,2021,6,15000,36,21.5,E,Small Business,RENT,7 years,44691,16.1,6.73,11.8,1,10,0,Fully Paid,DTI < 20% (Low),Grade E/F (Critical),0,0,0,0.3356,0.2966,4449
LC001250,2023-05-01,2023,5,5000,60,9.02,B,Education,RENT,6 years,71001,17.57,16.59,11.1,0,5,0,Fully Paid,DTI < 20% (Low),Grade A/B (Prime),0,0,0,0.0704,0.0647,324
LC001251,2019-05-01,2019,5,20000,60,10.84,B,Small Business,OWN,1 year,83959,25.31,56.33,9.9,0,9,0,Fully Paid,DTI 20-30% (Moderate),Grade A/B (Prime),0,0,0,0.2382,0.1022,2044
LC001252,2024-10-01,2024,10,5000,60,20.86,E,Debt Consolidation,MORTGAGE,7 years,38786,20.3,82.51,18.8,0,5,0,Fully Paid,DTI 20-30% (Moderate),Grade E/F (Critical),1,0,0,0.1289,0.3412,1706
LC001253,2019-09-01,2019,9,5000,60,8.88,B,Debt Consolidation,MORTGAGE,1 year,52547,44.17,48.79,10.5,0,4,1,Charged Off,DTI > 43% (Very High),Grade A/B (Prime),0,0,1,0.0952,0.1632,816
LC001254,2024-10-01,2024,10,10000,60,7.99,A,Medical,OWN,4 years,31913,23.12,75.99,14.2,0,10,0,Fully Paid,DTI 20-30% (Moderate),Grade A/B (Prime),1,0,0,0.3133,0.0839,839
LC001255,2024-06-01,2024,6,20000,36,12.13,C,Home Improvement,MORTGAGE,1 year,18000,22.66,43.28,13.9,0,15,0,Fully Paid,DTI 20-30% (Moderate),Grade C/D (High),0,0,0,1.1111,0.1169,2339
LC001256,2024-12-01,2024,12,15000,60,26.36,F,Debt Consolidation,MORTGAGE,8 years,59888,18.03,63.02,10.2,1,1,0,Fully Paid,DTI < 20% (Low),Grade E/F (Critical),0,0,0,0.2505,0.4254,6382
LC001257,2024-11-01,2024,11,30000,36,16.68,D,Small Business,RENT,2 years,73457,42.66,27.93,10.4,0,13,0,Fully Paid,DTI 30-43% (High),Grade C/D (High),0,0,0,0.4084,0.2774,8323
LC001258,2020-04-01,2020,4,25000,36,13.47,C,Debt Consolidation,RENT,5 years,61761,20.84,56.1,7.8,0,10,0,Fully Paid,DTI 20-30% (Moderate),Grade C/D (High),0,0,0,0.4048,0.1402,3504
LC001259,2023-04-01,2023,4,15000,36,6.57,A,Small Business,RENT,10+ years,20439,21.68,55.42,20.7,0,6,0,Fully Paid,DTI 20-30% (Moderate),Grade A/B (Prime),0,0,0,0.7339,0.0346,518
LC001260,2020-12-01,2020,12,15000,60,15.77,D,Debt Consolidation,MORTGAGE,2 years,45459,10.12,30.53,17.7,0,7,0,Fully Paid,DTI < 20% (Low),Grade C/D (High),0,0,0,0.33,0.173,2595
LC001261,2024-04-01,2024,4,15000,36,26.37,F,Education,MORTGAGE,6 years,18000,17.84,23.24,13.9,0,7,0,Fully Paid,DTI < 20% (Low),Grade E/F (Critical),0,0,0,0.8333,0.3763,5644
LC001262,2021-11-01,2021,11,30000,60,5.91,A,Home Improvement,OWN,5 years,107457,14.75,39.21,9.5,0,8,1,Charged Off,DTI < 20% (Low),Grade A/B (Prime),0,0,0,0.2792,0.0335,1005
LC001263,2021-06-01,2021,6,5000,36,12.74,C,Home Improvement,RENT,< 1 year,31476,28.16,9.42,19.2,0,11,0,Fully Paid,DTI 20-30% (Moderate),Grade C/D (High),0,0,0,0.1589,0.1356,678
LC001264,2024-01-01,2024,1,5000,60,21.74,E,Debt Consolidation,MORTGAGE,10+ years,101489,34.18,35.92,18.2,0,10,0,Fully Paid,DTI 30-43% (High),Grade E/F (Critical),0,0,0,0.0493,0.3317,1659
LC001265,2019-09-01,2019,9,30000,36,17.13,D,Debt Consolidation,MORTGAGE,< 1 year,86937,22.05,59.28,24.3,0,6,0,Fully Paid,DTI 20-30% (Moderate),Grade C/D (High),0,0,0,0.3451,0.1998,5993
LC001266,2020-02-01,2020,2,20000,36,15.38,D,Home Improvement,MORTGAGE,5 years,34534,24.98,78.92,19.6,0,7,1,Charged Off,DTI 20-30% (Moderate),Grade C/D (High),1,0,0,0.5791,0.2508,5015
LC001267,2022-02-01,2022,2,10000,36,17.65,D,Home Improvement,MORTGAGE,7 years,30749,15.88,26.15,9.4,0,8,0,Fully Paid,DTI < 20% (Low),Grade C/D (High),0,0,0,0.3252,0.1898,1898
LC001268,2023-05-01,2023,5,10000,36,9.4,B,Small Business,RENT,7 years,64549,45.04,64.39,11.3,1,15,0,Fully Paid,DTI > 43% (Very High),Grade A/B (Prime),0,0,1,0.1549,0.205,2050
LC001269,2023-12-01,2023,12,35000,36,10.31,B,Debt Consolidation,MORTGAGE,8 years,35520,40.51,8.62,24.9,0,10,1,Charged Off,DTI 30-43% (High),Grade A/B (Prime),0,0,0,0.9854,0.135,4726
LC001270,2023-12-01,2023,12,30000,60,21.76,E,Medical,RENT,3 years,57025,35.69,79.05,8.3,1,10,1,Charged Off,DTI 30-43% (High),Grade E/F (Critical),1,0,0,0.5261,0.428,12839
LC001271,2024-11-01,2024,11,25000,36,22.28,E,Auto,RENT,< 1 year,42556,35.43,24.55,16.9,1,12,1,Charged Off,DTI 30-43% (High),Grade E/F (Critical),0,0,0,0.5875,0.3487,8718
LC001272,2020-04-01,2020,4,20000,60,21.77,E,Education,MORTGAGE,9 years,22235,16.38,55.89,19.5,0,8,0,Fully Paid,DTI < 20% (Low),Grade E/F (Critical),0,0,0,0.8995,0.2868,5736
LC001273,2022-03-01,2022,3,20000,36,27.88,F,Debt Consolidation,MORTGAGE,6 years,18000,30.84,17.07,19.2,0,10,1,Charged Off,DTI 30-43% (High),Grade E/F (Critical),0,0,0,1.1111,0.4164,8327
LC001274,2023-05-01,2023,5,40000,36,13.22,C,Small Business,OWN,10+ years,60678,32.57,29.11,8.5,0,11,0,Fully Paid,DTI 30-43% (High),Grade C/D (High),0,0,0,0.6592,0.1728,6911
LC001275,2023-07-01,2023,7,40000,36,12.72,C,Debt Consolidation,MORTGAGE,10+ years,40914,31.0,39.47,13.8,0,5,0,Fully Paid,DTI 30-43% (High),Grade C/D (High),0,0,0,0.9777,0.1506,6024
LC001276,2022-10-01,2022,10,10000,36,23.22,E,Debt Consolidation,MORTGAGE,10+ years,41087,10.17,40.69,8.5,0,7,1,Charged Off,DTI < 20% (Low),Grade E/F (Critical),0,0,0,0.2434,0.2945,2945
LC001277,2019-02-01,2019,2,30000,60,17.51,D,Vacation,MORTGAGE,6 years,76721,19.96,46.06,11.3,0,13,0,Fully Paid,DTI < 20% (Low),Grade C/D (High),0,0,0,0.391,0.1841,5523
LC001278,2019-06-01,2019,6,10000,60,17.26,D,Debt Consolidation,MORTGAGE,4 years,97414,17.86,45.65,14.4,1,4,0,Fully Paid,DTI < 20% (Low),Grade C/D (High),0,0,0,0.1027,0.1868,1868
LC001279,2019-04-01,2019,4,10000,36,20.38,E,Small Business,RENT,10+ years,47275,18.47,31.08,20.1,0,4,0,Fully Paid,DTI < 20% (Low),Grade E/F (Critical),0,0,0,0.2115,0.275,2750
LC001280,2021-02-01,2021,2,25000,60,20.37,E,Small Business,RENT,5 years,45693,21.4,21.57,18.9,0,7,1,Charged Off,DTI 20-30% (Moderate),Grade E/F (Critical),0,0,0,0.5471,0.2806,7015
LC001281,2019-01-01,2019,1,15000,36,9.43,B,Medical,RENT,2 years,69569,27.52,11.95,15.4,0,7,0,Fully Paid,DTI 20-30% (Moderate),Grade A/B (Prime),0,0,0,0.2156,0.0831,1246
LC001282,2022-08-01,2022,8,35000,60,9.32,B,Small Business,MORTGAGE,10+ years,27489,31.71,86.36,13.6,1,9,1,Charged Off,DTI 30-43% (High),Grade A/B (Prime),1,0,0,1.2732,0.1888,6607
LC001283,2020-05-01,2020,5,5000,60,5.91,A,Debt Consolidation,RENT,10+ years,60571,41.6,40.11,15.5,0,9,0,Fully Paid,DTI 30-43% (High),Grade A/B (Prime),0,0,0,0.0825,0.1034,517
LC001284,2023-10-01,2023,10,20000,60,12.91,C,Home Improvement,RENT,5 years,71392,17.19,9.23,16.6,0,5,0,Fully Paid,DTI < 20% (Low),Grade C/D (High),0,0,0,0.2801,0.103,2060
LC001285,2024-02-01,2024,2,35000,36,7.67,A,Small Business,RENT,< 1 year,76124,34.02,64.46,12.8,1,11,0,Fully Paid,DTI 30-43% (High),Grade A/B (Prime),0,0,0,0.4598,0.1206,4221
LC001286,2021-08-01,2021,8,35000,36,13.36,C,Debt Consolidation,OWN,4 years,20571,25.6,53.65,3.2,0,11,0,Fully Paid,DTI 20-30% (Moderate),Grade C/D (High),0,0,0,1.7014,0.1681,5884
LC001287,2022-03-01,2022,3,10000,36,11.89,C,Home Improvement,RENT,10+ years,37024,12.45,60.07,11.0,0,6,0,Fully Paid,DTI < 20% (Low),Grade C/D (High),0,0,0,0.2701,0.1351,1351
LC001288,2024-07-01,2024,7,15000,60,9.11,B,Debt Consolidation,MORTGAGE,10+ years,34922,30.97,18.49,14.4,0,8,0,Fully Paid,DTI 30-43% (High),Grade A/B (Prime),0,0,0,0.4295,0.0987,1480
LC001289,2022-02-01,2022,2,20000,60,12.16,C,Debt Consolidation,RENT,2 years,56951,38.67,51.04,19.4,0,11,0,Fully Paid,DTI 30-43% (High),Grade C/D (High),0,0,0,0.3512,0.1798,3595
LC001290,2024-07-01,2024,7,10000,36,6.09,A,Home Improvement,MORTGAGE,< 1 year,68897,39.26,49.99,11.5,0,7,0,Fully Paid,DTI 30-43% (High),Grade A/B (Prime),0,0,0,0.1451,0.1045,1045
LC001291,2020-04-01,2020,4,40000,60,6.07,A,Debt Consolidation,RENT,10+ years,114503,24.31,53.76,10.8,1,7,0,Fully Paid,DTI 20-30% (Moderate),Grade A/B (Prime),0,0,0,0.3493,0.0664,2654
LC001292,2024-10-01,2024,10,35000,60,21.02,E,Small Business,RENT,4 years,42299,25.34,90.6,4.6,0,8,0,Fully Paid,DTI 20-30% (Moderate),Grade E/F (Critical),1,0,0,0.8274,0.4088,14307
LC001293,2022-01-01,2022,1,10000,36,8.2,B,Medical,MORTGAGE,6 years,42244,10.85,79.99,14.9,0,11,1,Charged Off,DTI < 20% (Low),Grade A/B (Prime),1,0,0,0.2367,0.1133,1133
LC001294,2019-05-01,2019,5,10000,60,6.3,A,Education,RENT,10+ years,96263,17.15,10.55,15.0,0,3,0,Fully Paid,DTI < 20% (Low),Grade A/B (Prime),0,0,0,0.1039,0.02,200
LC001295,2024-12-01,2024,12,5000,36,12.35,C,Debt Consolidation,RENT,< 1 year,62836,35.6,51.65,7.5,0,8,0,Fully Paid,DTI 30-43% (High),Grade C/D (High),0,0,0,0.0796,0.1912,956
LC001296,2024-12-01,2024,12,35000,36,14.46,D,Debt Consolidation,RENT,8 years,102112,29.17,26.17,18.8,0,13,0,Fully Paid,DTI 20-30% (Moderate),Grade C/D (High),0,0,0,0.3428,0.2097,7339
LC001297,2021-04-01,2021,4,10000,36,10.84,B,Debt Consolidation,RENT,< 1 year,62590,22.76,18.53,14.3,0,10,0,Fully Paid,DTI 20-30% (Moderate),Grade A/B (Prime),0,0,0,0.1598,0.0661,661
LC001298,2024-08-01,2024,8,15000,36,17.67,D,Medical,RENT,4 years,30377,31.17,16.97,8.3,0,15,0,Fully Paid,DTI 30-43% (High),Grade C/D (High),0,0,0,0.4938,0.2378,3567
LC001299,2020-01-01,2020,1,15000,60,6.1,A,Medical,RENT,10+ years,27818,25.17,8.75,12.0,0,6,0,Fully Paid,DTI 20-30% (Moderate),Grade A/B (Prime),0,0,0,0.5392,0.0467,700
LC001300,2023-02-01,2023,2,20000,36,6.42,A,Debt Consolidation,MORTGAGE,5 years,24940,25.78,30.1,13.6,0,4,0,Fully Paid,DTI 20-30% (Moderate),Grade A/B (Prime),0,0,0,0.8019,0.0443,886
LC001301,2020-05-01,2020,5,5000,36,11.86,C,Auto,MORTGAGE,10+ years,75435,15.35,25.39,9.7,0,6,0,Fully Paid,DTI < 20% (Low),Grade C/D (High),0,0,0,0.0663,0.1189,594
LC001302,2020-10-01,2020,10,10000,36,14.16,C,Debt Consolidation,MORTGAGE,6 years,98155,48.18,63.01,23.8,0,10,1,Charged Off,DTI > 43% (Very High),Grade C/D (High),0,0,1,0.1019,0.2417,2417
LC001303,2023-10-01,2023,10,35000,36,18.32,D,Small Business,RENT,4 years,136582,15.69,42.36,10.5,0,8,0,Fully Paid,DTI < 20% (Low),Grade C/D (High),0,0,0,0.2563,0.1865,6528
LC001304,2021-12-01,2021,12,35000,36,16.93,D,Medical,OWN,2 years,82582,20.78,77.67,6.0,0,4,0,Fully Paid,DTI 20-30% (Moderate),Grade C/D (High),1,0,0,0.4238,0.2585,9046
LC001305,2019-02-01,2019,2,30000,36,27.62,F,Auto,RENT,4 years,96898,14.41,50.39,7.9,1,5,1,Charged Off,DTI < 20% (Low),Grade E/F (Critical),0,0,0,0.3096,0.4071,12212
LC001306,2021-11-01,2021,11,5000,36,12.94,C,Medical,RENT,4 years,40538,20.73,14.67,16.3,0,5,0,Fully Paid,DTI 20-30% (Moderate),Grade C/D (High),0,0,0,0.1233,0.1059,530
LC001307,2020-01-01,2020,1,15000,60,8.13,B,Education,MORTGAGE,< 1 year,30388,29.22,59.15,18.9,1,13,0,Fully Paid,DTI 20-30% (Moderate),Grade A/B (Prime),0,0,0,0.4936,0.1202,1803
LC001308,2023-06-01,2023,6,20000,60,21.07,E,Home Improvement,RENT,4 years,82871,8.95,42.76,16.2,1,8,0,Fully Paid,DTI < 20% (Low),Grade E/F (Critical),0,0,0,0.2413,0.287,5740
LC001309,2020-12-01,2020,12,10000,36,9.31,B,Education,RENT,5 years,66759,37.73,43.34,18.5,0,4,1,Charged Off,DTI 30-43% (High),Grade A/B (Prime),0,0,0,0.1498,0.1239,1239
LC001310,2024-12-01,2024,12,35000,60,12.44,C,Debt Consolidation,MORTGAGE,9 years,57166,30.46,25.84,11.4,0,6,0,Fully Paid,DTI 30-43% (High),Grade C/D (High),0,0,0,0.6122,0.1556,5447
LC001311,2021-10-01,2021,10,25000,60,6.23,A,Auto,OWN,8 years,65755,18.89,57.91,5.1,0,6,0,Fully Paid,DTI < 20% (Low),Grade A/B (Prime),0,0,0,0.3802,0.0625,1563
LC001312,2021-04-01,2021,4,5000,60,6.33,A,Small Business,MORTGAGE,8 years,63678,15.79,16.76,2.6,1,10,0,Fully Paid,DTI < 20% (Low),Grade A/B (Prime),0,1,0,0.0785,0.0662,331
LC001313,2021-05-01,2021,5,35000,60,26.74,F,Education,MORTGAGE,< 1 year,102941,33.15,9.88,32.2,0,10,1,Charged Off,DTI 30-43% (High),Grade E/F (Critical),0,0,0,0.34,0.4256,14896
LC001314,2023-03-01,2023,3,40000,60,21.44,E,Home Improvement,OWN,2 years,103517,30.94,6.13,16.6,0,7,0,Fully Paid,DTI 30-43% (High),Grade E/F (Critical),0,0,0,0.3864,0.3188,12750
LC001315,2019-10-01,2019,10,5000,36,15.95,D,Medical,RENT,8 years,71119,20.54,21.54,12.7,0,6,0,Fully Paid,DTI 20-30% (Moderate),Grade C/D (High),0,0,0,0.0703,0.1821,910
LC001316,2022-06-01,2022,6,20000,36,12.23,C,Small Business,RENT,6 years,82694,22.3,27.49,14.4,0,9,0,Fully Paid,DTI 20-30% (Moderate),Grade C/D (High),0,0,0,0.2419,0.114,2280
LC001317,2021-04-01,2021,4,15000,60,5.37,A,Medical,RENT,< 1 year,70055,11.39,30.65,31.5,0,10,0,Fully Paid,DTI < 20% (Low),Grade A/B (Prime),0,0,0,0.2141,0.02,300
LC001318,2024-06-01,2024,6,15000,36,7.18,A,Debt Consolidation,RENT,10+ years,43020,46.29,42.3,9.8,0,11,0,Fully Paid,DTI > 43% (Very High),Grade A/B (Prime),0,0,1,0.3487,0.1378,2066
LC001319,2019-05-01,2019,5,10000,60,7.52,B,Debt Consolidation,RENT,9 years,79085,25.74,81.99,12.9,1,8,1,Charged Off,DTI 20-30% (Moderate),Grade A/B (Prime),1,0,0,0.1264,0.1582,1582
LC001320,2024-11-01,2024,11,20000,60,13.72,C,Debt Consolidation,OWN,6 years,26977,29.71,75.09,19.4,0,2,0,Fully Paid,DTI 20-30% (Moderate),Grade C/D (High),1,0,0,0.7414,0.192,3840
LC001321,2020-02-01,2020,2,40000,36,17.91,D,Debt Consolidation,MORTGAGE,< 1 year,91761,12.17,51.79,14.5,0,8,0,Fully Paid,DTI < 20% (Low),Grade C/D (High),0,0,0,0.4359,0.1781,7123
LC001322,2019-04-01,2019,4,20000,60,16.56,D,Auto,MORTGAGE,9 years,29814,20.96,13.07,6.1,1,1,0,Fully Paid,DTI 20-30% (Moderate),Grade C/D (High),0,0,0,0.6708,0.2155,4311
LC001323,2020-02-01,2020,2,5000,36,7.12,B,Debt Consolidation,RENT,7 years,62499,12.65,79.23,28.0,0,5,0,Fully Paid,DTI < 20% (Low),Grade A/B (Prime),1,0,0,0.08,0.1115,557
LC001324,2019-05-01,2019,5,20000,60,26.51,F,Vacation,MORTGAGE,9 years,35505,29.44,23.14,28.3,1,10,1,Charged Off,DTI 20-30% (Moderate),Grade E/F (Critical),0,0,0,0.5633,0.4228,8455
LC001325,2022-03-01,2022,3,15000,36,16.75,D,Home Improvement,OWN,9 years,71446,35.96,14.78,16.9,0,10,0,Fully Paid,DTI 30-43% (High),Grade C/D (High),0,0,0,0.2099,0.2368,3553
LC001326,2024-06-01,2024,6,30000,60,11.99,C,Debt Consolidation,MORTGAGE,10+ years,53265,26.29,58.33,34.0,0,9,0,Fully Paid,DTI 20-30% (Moderate),Grade C/D (High),0,0,0,0.5632,0.1448,4345
LC001327,2019-11-01,2019,11,15000,36,16.39,D,Education,RENT,6 years,24407,32.53,78.31,14.9,3,13,1,Charged Off,DTI 30-43% (High),Grade C/D (High),1,0,0,0.6146,0.316,4741
LC001328,2022-05-01,2022,5,10000,60,14.02,C,Medical,MORTGAGE,1 year,66860,27.82,48.94,16.0,0,7,0,Fully Paid,DTI 20-30% (Moderate),Grade C/D (High),0,0,0,0.1496,0.1343,1343
LC001329,2021-02-01,2021,2,10000,60,9.73,B,Small Business,RENT,8 years,40580,34.94,19.96,3.9,0,7,0,Fully Paid,DTI 30-43% (High),Grade A/B (Prime),0,0,0,0.2464,0.1461,1461
LC001330,2021-10-01,2021,10,25000,36,8.46,B,Small Business,RENT,7 years,84168,37.34,40.3,13.9,2,12,0,Fully Paid,DTI 30-43% (High),Grade A/B (Prime),0,0,0,0.297,0.1497,3741
LC001331,2021-11-01,2021,11,10000,60,15.52,D,Medical,RENT,9 years,54212,12.41,55.84,15.3,0,2,0,Fully Paid,DTI < 20% (Low),Grade C/D (High),0,0,0,0.1845,0.1847,1847
LC001332,2024-08-01,2024,8,25000,36,6.14,A,Debt Consolidation,MORTGAGE,2 years,66020,22.9,31.28,22.9,0,9,0,Fully Paid,DTI 20-30% (Moderate),Grade A/B (Prime),0,0,0,0.3787,0.0286,715
LC001333,2019-06-01,2019,6,10000,60,6.23,A,Vacation,MORTGAGE,2 years,33564,26.08,15.91,13.9,0,6,0,Fully Paid,DTI 20-30% (Moderate),Grade A/B (Prime),0,0,0,0.2979,0.0446,446
LC001334,2023-09-01,2023,9,15000,36,6.8,A,Vacation,RENT,10+ years,40349,25.21,51.32,12.5,0,10,0,Fully Paid,DTI 20-30% (Moderate),Grade A/B (Prime),0,0,0,0.3718,0.048,720
LC001335,2020-03-01,2020,3,20000,60,5.97,A,Medical,RENT,9 years,43074,18.89,25.4,9.0,0,14,0,Fully Paid,DTI < 20% (Low),Grade A/B (Prime),0,0,0,0.4643,0.035,700
LC001336,2021-11-01,2021,11,35000,60,21.81,E,Debt Consolidation,MORTGAGE,10+ years,83146,31.57,63.02,9.7,0,12,0,Fully Paid,DTI 30-43% (High),Grade E/F (Critical),0,0,0,0.4209,0.3632,12713
LC001337,2022-04-01,2022,4,35000,36,18.35,D,Medical,RENT,9 years,125328,20.03,44.75,7.2,0,5,0,Fully Paid,DTI 20-30% (Moderate),Grade C/D (High),0,0,0,0.2793,0.1965,6878
LC001338,2021-11-01,2021,11,10000,36,13.45,C,Debt Consolidation,RENT,7 years,36222,28.26,68.61,14.8,1,9,0,Fully Paid,DTI 20-30% (Moderate),Grade C/D (High),0,0,0,0.2761,0.1859,1859
LC001339,2019-08-01,2019,8,15000,60,6.36,A,Debt Consolidation,RENT,8 years,92821,24.7,59.32,16.6,1,5,0,Fully Paid,DTI 20-30% (Moderate),Grade A/B (Prime),0,0,0,0.1616,0.0664,997
LC001340,2019-07-01,2019,7,10000,36,12.65,C,Debt Consolidation,MORTGAGE,10+ years,18309,17.26,43.92,15.6,0,7,0,Fully Paid,DTI < 20% (Low),Grade C/D (High),0,0,0,0.5462,0.103,1030
LC001341,2021-08-01,2021,8,20000,36,12.51,C,Home Improvement,RENT,7 years,29819,23.5,42.1,11.4,0,14,0,Fully Paid,DTI 20-30% (Moderate),Grade C/D (High),0,0,0,0.6707,0.1278,2556
LC001342,2024-09-01,2024,9,20000,36,7.34,A,Auto,RENT,7 years,33544,34.52,41.32,15.1,1,10,0,Fully Paid,DTI 30-43% (High),Grade A/B (Prime),0,0,0,0.5962,0.0871,1742
LC001343,2020-08-01,2020,8,35000,36,12.3,C,Medical,RENT,2 years,27550,20.7,16.31,15.6,0,12,0,Fully Paid,DTI 20-30% (Moderate),Grade C/D (High),0,0,0,1.2704,0.1058,3703
LC001344,2023-08-01,2023,8,35000,36,9.24,B,Medical,OWN,5 years,24544,31.31,68.98,14.2,0,8,0,Fully Paid,DTI 30-43% (High),Grade A/B (Prime),0,0,0,1.426,0.1386,4851
LC001345,2021-06-01,2021,6,15000,60,16.84,D,Home Improvement,MORTGAGE,8 years,66603,27.58,54.7,15.1,1,9,0,Fully Paid,DTI 20-30% (Moderate),Grade C/D (High),0,0,0,0.2252,0.2247,3371
LC001346,2024-11-01,2024,11,20000,60,16.4,D,Home Improvement,MORTGAGE,3 years,48677,12.47,57.12,14.1,0,5,0,Fully Paid,DTI < 20% (Low),Grade C/D (High),0,0,0,0.4109,0.1899,3799
LC001347,2022-02-01,2022,2,35000,60,5.3,A,Home Improvement,RENT,2 years,65493,12.46,52.49,28.8,0,7,0,Fully Paid,DTI < 20% (Low),Grade A/B (Prime),0,0,0,0.5344,0.022,769
LC001348,2020-12-01,2020,12,30000,36,9.46,B,Vacation,MORTGAGE,3 years,76515,18.03,34.09,9.0,1,11,0,Fully Paid,DTI < 20% (Low),Grade A/B (Prime),0,0,0,0.3921,0.083,2490
LC001349,2024-07-01,2024,7,5000,36,16.75,D,Debt Consolidation,RENT,3 years,61871,15.16,13.24,22.9,0,8,1,Charged Off,DTI < 20% (Low),Grade C/D (High),0,0,0,0.0808,0.173,865
LC001350,2020-04-01,2020,4,15000,36,13.2,C,Auto,MORTGAGE,2 years,75273,52.63,25.71,4.6,0,8,0,Fully Paid,DTI > 43% (Very High),Grade C/D (High),0,0,1,0.1993,0.2647,3971
LC001351,2022-03-01,2022,3,15000,60,20.97,E,Small Business,OWN,5 years,52325,35.04,60.8,20.4,0,6,1,Charged Off,DTI 30-43% (High),Grade E/F (Critical),0,0,0,0.2867,0.3568,5351
LC001352,2022-04-01,2022,4,10000,36,17.78,D,Home Improvement,MORTGAGE,10+ years,29927,24.19,20.11,10.3,1,9,1,Charged Off,DTI 20-30% (Moderate),Grade C/D (High),0,0,0,0.3342,0.2159,2159
LC001353,2021-04-01,2021,4,10000,36,5.7,A,Medical,OWN,6 years,91941,24.49,23.96,19.0,0,9,0,Fully Paid,DTI 20-30% (Moderate),Grade A/B (Prime),0,0,0,0.1088,0.035,350
LC001354,2024-03-01,2024,3,5000,36,7.77,A,Small Business,MORTGAGE,2 years,40354,23.0,9.66,9.0,1,8,0,Fully Paid,DTI 20-30% (Moderate),Grade A/B (Prime),0,0,0,0.1239,0.059,295
LC001355,2024-09-01,2024,9,25000,60,15.4,D,Auto,RENT,< 1 year,33935,35.71,24.78,18.1,1,8,0,Fully Paid,DTI 30-43% (High),Grade C/D (High),0,0,0,0.7367,0.2478,6196
LC001356,2024-03-01,2024,3,10000,60,6.75,A,Auto,OWN,8 years,49565,23.34,51.62,10.0,0,5,0,Fully Paid,DTI 20-30% (Moderate),Grade A/B (Prime),0,0,0,0.2018,0.0486,486
LC001357,2024-02-01,2024,2,5000,36,13.18,C,Home Improvement,RENT,4 years,34324,25.72,16.97,22.5,1,14,0,Fully Paid,DTI 20-30% (Moderate),Grade C/D (High),0,0,0,0.1457,0.1379,689
LC001358,2022-01-01,2022,1,10000,36,26.16,F,Debt Consolidation,MORTGAGE,10+ years,43971,35.03,6.34,11.6,0,10,1,Charged Off,DTI 30-43% (High),Grade E/F (Critical),0,0,0,0.2274,0.4433,4433
LC001359,2019-11-01,2019,11,30000,60,13.14,C,Small Business,RENT,8 years,64346,22.45,19.35,14.0,0,6,0,Fully Paid,DTI 20-30% (Moderate),Grade C/D (High),0,0,0,0.4662,0.1158,3474
LC001360,2023-01-01,2023,1,30000,36,10.22,B,Auto,RENT,10+ years,64484,12.78,47.72,3.1,1,7,0,Fully Paid,DTI < 20% (Low),Grade A/B (Prime),0,0,0,0.4652,0.1007,3021
LC001361,2021-05-01,2021,5,20000,60,15.03,D,Debt Consolidation,RENT,3 years,34582,41.71,20.86,9.4,0,11,1,Charged Off,DTI 30-43% (High),Grade C/D (High),0,0,0,0.5783,0.2766,5533
LC001362,2020-12-01,2020,12,15000,60,13.2,C,Small Business,RENT,8 years,42453,30.09,50.01,24.2,1,9,0,Fully Paid,DTI 30-43% (High),Grade C/D (High),0,0,0,0.3533,0.1554,2331
LC001363,2022-12-01,2022,12,40000,60,10.81,C,Medical,MORTGAGE,3 years,92704,33.45,49.33,9.9,0,4,0,Fully Paid,DTI 30-43% (High),Grade C/D (High),0,0,0,0.4315,0.1721,6884
LC001364,2024-05-01,2024,5,10000,60,26.03,F,Medical,MORTGAGE,10+ years,69439,34.46,7.79,8.0,0,9,1,Charged Off,DTI 30-43% (High),Grade E/F (Critical),0,0,0,0.144,0.4518,4518
LC001365,2020-12-01,2020,12,10000,60,10.5,B,Debt Consolidation,RENT,7 years,152899,35.83,2.69,5.0,1,8,0,Fully Paid,DTI 30-43% (High),Grade A/B (Prime),0,0,0,0.0654,0.1583,1583
LC001366,2024-09-01,2024,9,10000,60,26.33,F,Medical,RENT,4 years,97740,18.3,38.25,17.9,0,10,0,Fully Paid,DTI < 20% (Low),Grade E/F (Critical),0,0,0,0.1023,0.373,3730
LC001367,2021-04-01,2021,4,10000,36,25.86,F,Auto,MORTGAGE,3 years,96004,14.66,72.73,14.9,0,9,1,Charged Off,DTI < 20% (Low),Grade E/F (Critical),0,0,0,0.1042,0.4188,4188
LC001368,2020-05-01,2020,5,15000,36,9.04,B,Debt Consolidation,RENT,2 years,27067,41.94,11.31,33.1,1,8,1,Charged Off,DTI 30-43% (High),Grade A/B (Prime),0,0,0,0.5542,0.1528,2291
LC001369,2024-06-01,2024,6,35000,60,8.05,A,Debt Consolidation,MORTGAGE,8 years,79374,28.88,30.4,11.1,0,8,0,Fully Paid,DTI 20-30% (Moderate),Grade A/B (Prime),0,0,0,0.4409,0.0642,2248
LC001370,2024-10-01,2024,10,20000,36,4.93,A,Vacation,MORTGAGE,2 years,52757,7.8,38.1,16.5,0,13,0,Fully Paid,DTI < 20% (Low),Grade A/B (Prime),0,0,0,0.3791,0.02,400
LC001371,2021-07-01,2021,7,15000,60,5.56,A,Debt Consolidation,MORTGAGE,7 years,41131,30.75,37.12,17.9,1,7,1,Charged Off,DTI 30-43% (High),Grade A/B (Prime),0,0,0,0.3647,0.072,1080
LC001372,2021-09-01,2021,9,35000,36,7.6,A,Auto,MORTGAGE,3 years,58924,15.84,6.79,10.1,1,9,0,Fully Paid,DTI < 20% (Low),Grade A/B (Prime),0,0,0,0.594,0.0437,1530
LC001373,2021-06-01,2021,6,5000,60,18.29,D,Small Business,RENT,8 years,86908,21.06,27.08,32.6,0,9,0,Fully Paid,DTI 20-30% (Moderate),Grade C/D (High),0,0,0,0.0575,0.1772,886
LC001374,2024-01-01,2024,1,10000,36,6.32,A,Debt Consolidation,MORTGAGE,10+ years,69593,26.37,34.29,13.7,0,5,0,Fully Paid,DTI 20-30% (Moderate),Grade A/B (Prime),0,0,0,0.1437,0.0464,464
LC001375,2019-08-01,2019,8,20000,60,8.21,B,Auto,RENT,9 years,34918,23.66,50.24,7.1,1,7,0,Fully Paid,DTI 20-30% (Moderate),Grade A/B (Prime),0,0,0,0.5728,0.1038,2076
LC001376,2020-02-01,2020,2,20000,36,23.08,E,Home Improvement,RENT,9 years,78529,44.37,57.04,4.2,0,12,0,Fully Paid,DTI > 43% (Very High),Grade E/F (Critical),0,0,1,0.2547,0.419,8379
LC001377,2023-09-01,2023,9,5000,60,7.68,A,Small Business,MORTGAGE,2 years,39388,14.14,27.67,16.1,0,8,0,Fully Paid,DTI < 20% (Low),Grade A/B (Prime),0,0,0,0.1269,0.02,100
LC001378,2021-11-01,2021,11,15000,36,21.94,E,Home Improvement,RENT,1 year,60376,32.92,51.03,8.9,0,8,0,Fully Paid,DTI 30-43% (High),Grade E/F (Critical),0,0,0,0.2484,0.347,5206
LC001379,2021-07-01,2021,7,25000,36,8.55,B,Small Business,MORTGAGE,8 years,46552,26.36,31.32,24.2,0,9,0,Fully Paid,DTI 20-30% (Moderate),Grade A/B (Prime),0,0,0,0.537,0.0784,1961
LC001380,2024-07-01,2024,7,25000,36,6.36,A,Debt Consolidation,MORTGAGE,4 years,48561,17.64,51.19,16.7,0,6,0,Fully Paid,DTI < 20% (Low),Grade A/B (Prime),0,0,0,0.5148,0.02,500
LC001381,2024-10-01,2024,10,25000,60,16.67,D,Home Improvement,OWN,5 years,79469,36.24,38.73,6.3,1,7,0,Fully Paid,DTI 30-43% (High),Grade C/D (High),0,0,0,0.3146,0.2761,6901
LC001382,2024-10-01,2024,10,15000,36,17.06,D,Vacation,OWN,< 1 year,32206,29.61,45.73,12.1,0,4,1,Charged Off,DTI 20-30% (Moderate),Grade C/D (High),0,0,0,0.4658,0.2201,3302
LC001383,2021-12-01,2021,12,5000,60,22.56,E,Debt Consolidation,RENT,3 years,143286,15.23,56.62,15.0,0,8,0,Fully Paid,DTI < 20% (Low),Grade E/F (Critical),0,0,0,0.0349,0.2882,1441
LC001384,2024-05-01,2024,5,15000,60,17.5,D,Medical,RENT,< 1 year,21795,33.49,48.66,13.9,0,11,1,Charged Off,DTI 30-43% (High),Grade C/D (High),0,0,0,0.6882,0.2303,3454
LC001385,2023-08-01,2023,8,10000,60,20.54,E,Home Improvement,MORTGAGE,10+ years,40182,23.48,69.63,20.4,0,9,0,Fully Paid,DTI 20-30% (Moderate),Grade E/F (Critical),0,0,0,0.2489,0.3282,3282
LC001386,2020-10-01,2020,10,35000,60,10.3,B,Education,RENT,3 years,65193,41.58,21.52,14.1,2,6,0,Fully Paid,DTI 30-43% (High),Grade A/B (Prime),0,0,0,0.5369,0.166,5811
LC001387,2023-01-01,2023,1,20000,36,6.65,A,Debt Consolidation,MORTGAGE,6 years,72559,34.23,27.26,8.1,1,10,0,Fully Paid,DTI 30-43% (High),Grade A/B (Prime),0,0,0,0.2756,0.1066,2132
LC001388,2019-03-01,2019,3,15000,60,17.35,D,Vacation,MORTGAGE,< 1 year,51522,30.09,24.52,12.0,0,6,0,Fully Paid,DTI 30-43% (High),Grade C/D (High),0,0,0,0.2911,0.2224,3335
LC001389,2023-09-01,2023,9,25000,60,22.57,E,Home Improvement,MORTGAGE,8 years,52644,25.93,12.69,14.3,0,8,1,Charged Off,DTI 20-30% (Moderate),Grade E/F (Critical),0,0,0,0.4749,0.3008,7521
LC001390,2023-01-01,2023,1,20000,36,25.91,F,Debt Consolidation,RENT,4 years,66521,42.89,38.23,15.2,0,9,0,Fully Paid,DTI 30-43% (High),Grade E/F (Critical),0,0,0,0.3007,0.4646,9291
LC001391,2023-11-01,2023,11,15000,36,12.77,C,Debt Consolidation,RENT,10+ years,48265,24.93,36.75,8.6,0,6,0,Fully Paid,DTI 20-30% (Moderate),Grade C/D (High),0,0,0,0.3108,0.1419,2129
LC001392,2020-08-01,2020,8,30000,36,8.77,B,Debt Consolidation,RENT,10+ years,108726,10.73,31.49,15.5,0,10,0,Fully Paid,DTI < 20% (Low),Grade A/B (Prime),0,0,0,0.2759,0.053,1590
LC001393,2023-06-01,2023,6,30000,36,15.55,D,Small Business,RENT,4 years,82428,28.19,13.31,9.8,0,6,0,Fully Paid,DTI 20-30% (Moderate),Grade C/D (High),0,0,0,0.364,0.2214,6641
LC001394,2020-12-01,2020,12,25000,36,9.48,B,Home Improvement,OWN,10+ years,83819,32.34,54.72,19.4,1,6,0,Fully Paid,DTI 30-43% (High),Grade A/B (Prime),0,0,0,0.2983,0.1238,3095
LC001395,2024-10-01,2024,10,5000,60,28.81,F,Education,RENT,10+ years,33420,21.84,33.81,21.4,0,8,0,Fully Paid,DTI 20-30% (Moderate),Grade E/F (Critical),0,0,0,0.1496,0.3804,1902
LC001396,2023-05-01,2023,5,20000,60,19.93,E,Home Improvement,RENT,10+ years,52068,22.16,63.11,17.1,0,6,0,Fully Paid,DTI 20-30% (Moderate),Grade E/F (Critical),0,0,0,0.3841,0.3099,6197
LC001397,2019-12-01,2019,12,25000,36,12.77,C,Debt Consolidation,RENT,10+ years,46619,27.2,15.2,19.7,2,8,1,Charged Off,DTI 20-30% (Moderate),Grade C/D (High),0,0,0,0.5363,0.1558,3895
LC001398,2020-06-01,2020,6,10000,60,17.31,D,Small Business,MORTGAGE,3 years,32768,11.32,30.04,17.7,1,7,0,Fully Paid,DTI < 20% (Low),Grade C/D (High),0,0,0,0.3052,0.185,1850
LC001399,2023-11-01,2023,11,10000,36,16.9,D,Medical,MORTGAGE,7 years,64866,38.42,49.38,12.3,0,6,0,Fully Paid,DTI 30-43% (High),Grade C/D (High),0,0,0,0.1542,0.2548,2548
LC001400,2022-05-01,2022,5,35000,36,6.31,A,Debt Consolidation,RENT,< 1 year,41406,27.72,69.77,8.6,0,4,0,Fully Paid,DTI 20-30% (Moderate),Grade A/B (Prime),0,0,0,0.8453,0.1066,3732
LC001401,2023-09-01,2023,9,5000,60,25.76,F,Debt Consolidation,RENT,1 year,75185,47.23,49.59,15.8,0,11,1,Charged Off,DTI > 43% (Very High),Grade E/F (Critical),0,0,1,0.0665,0.4819,2410
LC001402,2021-02-01,2021,2,25000,60,12.99,C,Debt Consolidation,RENT,10+ years,31726,37.91,72.63,16.0,0,8,0,Fully Paid,DTI 30-43% (High),Grade C/D (High),0,0,0,0.788,0.2199,5498
LC001403,2023-10-01,2023,10,20000,36,20.79,E,Medical,RENT,4 years,127966,25.36,89.5,16.7,0,3,1,Charged Off,DTI 20-30% (Moderate),Grade E/F (Critical),1,0,0,0.1563,0.3754,7509
LC001404,2020-06-01,2020,6,15000,36,7.45,B,Medical,MORTGAGE,9 years,34608,19.23,62.69,11.4,1,10,1,Charged Off,DTI < 20% (Low),Grade A/B (Prime),0,0,0,0.4334,0.1012,1518
LC001405,2022-12-01,2022,12,5000,36,22.36,E,Home Improvement,MORTGAGE,10+ years,60455,32.93,30.47,25.4,0,5,0,Fully Paid,DTI 30-43% (High),Grade E/F (Critical),0,0,0,0.0827,0.3267,1634
LC001406,2024-04-01,2024,4,30000,36,9.97,B,Education,RENT,10+ years,80493,37.51,77.94,18.5,0,8,0,Fully Paid,DTI 30-43% (High),Grade A/B (Prime),1,0,0,0.3727,0.1789,5368
LC001407,2023-03-01,2023,3,15000,60,6.44,A,Education,RENT,10+ years,40728,16.89,24.0,16.8,0,9,0,Fully Paid,DTI < 20% (Low),Grade A/B (Prime),0,0,0,0.3683,0.02,300
LC001408,2019-12-01,2019,12,20000,60,26.98,F,Small Business,OWN,3 years,82970,17.13,31.75,7.0,0,4,0,Fully Paid,DTI < 20% (Low),Grade E/F (Critical),0,0,0,0.2411,0.397,7940
LC001409,2024-05-01,2024,5,25000,60,7.26,A,Auto,MORTGAGE,< 1 year,29302,41.11,65.65,7.3,0,10,0,Fully Paid,DTI 30-43% (High),Grade A/B (Prime),0,0,0,0.8532,0.1558,3896
LC001410,2020-02-01,2020,2,25000,36,9.38,B,Debt Consolidation,MORTGAGE,5 years,111978,31.44,46.04,20.1,0,13,0,Fully Paid,DTI 30-43% (High),Grade A/B (Prime),0,0,0,0.2233,0.0988,2469
LC001411,2023-03-01,2023,3,40000,60,27.52,F,Debt Consolidation,RENT,1 year,54561,28.34,36.37,15.5,1,8,1,Charged Off,DTI 20-30% (Moderate),Grade E/F (Critical),0,0,0,0.7331,0.4184,16734
LC001412,2022-07-01,2022,7,20000,36,26.56,F,Debt Consolidation,MORTGAGE,< 1 year,40207,25.56,13.34,17.5,1,11,0,Fully Paid,DTI 20-30% (Moderate),Grade E/F (Critical),0,0,0,0.4974,0.4072,8145
LC001413,2021-12-01,2021,12,15000,60,13.85,C,Debt Consolidation,RENT,4 years,46649,38.76,34.96,19.0,0,9,0,Fully Paid,DTI 30-43% (High),Grade C/D (High),0,0,0,0.3215,0.178,2671
LC001414,2020-01-01,2020,1,40000,36,17.06,D,Small Business,MORTGAGE,9 years,81183,21.33,48.02,14.9,0,15,1,Charged Off,DTI 20-30% (Moderate),Grade C/D (High),0,0,0,0.4927,0.1786,7145
LC001415,2020-02-01,2020,2,25000,60,12.96,C,Auto,OWN,7 years,40448,22.08,26.7,7.8,0,5,0,Fully Paid,DTI 20-30% (Moderate),Grade C/D (High),0,0,0,0.6181,0.1329,3323
LC001416,2024-03-01,2024,3,10000,60,8.18,B,Debt Consolidation,RENT,3 years,37247,18.78,35.55,7.5,0,9,0,Fully Paid,DTI < 20% (Low),Grade A/B (Prime),0,0,0,0.2685,0.0755,755
LC001417,2024-10-01,2024,10,10000,60,9.43,B,Debt Consolidation,RENT,8 years,48496,18.86,66.38,16.6,0,11,0,Fully Paid,DTI < 20% (Low),Grade A/B (Prime),0,0,0,0.2062,0.0858,858
LC001418,2022-12-01,2022,12,30000,36,16.13,D,Home Improvement,RENT,2 years,30077,24.79,60.27,29.6,0,9,0,Fully Paid,DTI 20-30% (Moderate),Grade C/D (High),0,0,0,0.9974,0.2127,6381
LC001419,2019-07-01,2019,7,15000,60,16.29,D,Auto,RENT,< 1 year,134628,55.12,13.59,10.0,1,8,0,Fully Paid,DTI > 43% (Very High),Grade C/D (High),0,0,1,0.1114,0.3405,5107
LC001420,2024-04-01,2024,4,25000,60,20.75,E,Home Improvement,RENT,9 years,40815,30.01,17.6,9.6,0,7,0,Fully Paid,DTI 30-43% (High),Grade E/F (Critical),0,0,0,0.6125,0.3312,8281
LC001421,2022-12-01,2022,12,20000,60,20.55,E,Small Business,RENT,7 years,82109,33.3,20.6,5.7,0,5,0,Fully Paid,DTI 30-43% (High),Grade E/F (Critical),0,0,0,0.2436,0.3561,7122
LC001422,2022-08-01,2022,8,10000,36,8.1,A,Debt Consolidation,MORTGAGE,9 years,60158,18.07,15.39,11.5,1,8,1,Charged Off,DTI < 20% (Low),Grade A/B (Prime),0,0,0,0.1662,0.0395,395
LC001423,2021-08-01,2021,8,20000,36,13.87,C,Debt Consolidation,MORTGAGE,< 1 year,33115,32.53,49.04,21.5,1,8,0,Fully Paid,DTI 30-43% (High),Grade C/D (High),0,0,0,0.604,0.1651,3302
LC001424,2021-01-01,2021,1,5000,36,7.94,A,Vacation,RENT,10+ years,54015,27.09,14.1,10.5,0,8,0,Fully Paid,DTI 20-30% (Moderate),Grade A/B (Prime),0,0,0,0.0926,0.0589,294
LC001425,2022-05-01,2022,5,15000,36,11.82,C,Vacation,OWN,7 years,80178,23.62,49.31,11.7,1,5,0,Fully Paid,DTI 20-30% (Moderate),Grade C/D (High),0,0,0,0.1871,0.1394,2091
LC001426,2023-01-01,2023,1,20000,60,12.86,C,Debt Consolidation,RENT,7 years,49309,39.32,37.91,18.4,0,8,0,Fully Paid,DTI 30-43% (High),Grade C/D (High),0,0,0,0.4056,0.1803,3606
LC001427,2022-07-01,2022,7,15000,60,20.37,E,Vacation,OWN,7 years,98376,39.1,30.46,5.6,0,9,0,Fully Paid,DTI 30-43% (High),Grade E/F (Critical),0,0,0,0.1525,0.3796,5694
LC001428,2024-04-01,2024,4,25000,36,8.64,B,Medical,RENT,10+ years,90288,22.91,22.77,23.4,0,12,1,Charged Off,DTI 20-30% (Moderate),Grade A/B (Prime),0,0,0,0.2769,0.0646,1616
LC001429,2021-12-01,2021,12,30000,60,5.67,A,Auto,OWN,7 years,85773,31.92,51.33,8.9,0,6,0,Fully Paid,DTI 30-43% (High),Grade A/B (Prime),0,0,0,0.3498,0.0856,2569
LC001430,2022-08-01,2022,8,30000,36,7.39,A,Home Improvement,MORTGAGE,7 years,43052,42.18,51.61,17.0,0,8,0,Fully Paid,DTI 30-43% (High),Grade A/B (Prime),0,0,0,0.6968,0.1089,3268
LC001431,2021-12-01,2021,12,5000,36,16.48,D,Small Business,MORTGAGE,10+ years,31574,46.81,8.48,8.3,0,5,0,Fully Paid,DTI > 43% (Very High),Grade C/D (High),0,0,1,0.1584,0.3003,1502
LC001432,2023-08-01,2023,8,10000,36,17.65,D,Small Business,OWN,9 years,39863,31.8,68.47,7.7,0,7,0,Fully Paid,DTI 30-43% (High),Grade C/D (High),0,0,0,0.2509,0.279,2790
LC001433,2019-09-01,2019,9,20000,60,6.88,A,Medical,RENT,5 years,59762,37.97,23.05,16.3,1,14,0,Fully Paid,DTI 30-43% (High),Grade A/B (Prime),0,0,0,0.3347,0.1009,2018
LC001434,2020-11-01,2020,11,35000,60,8.24,A,Debt Consolidation,OWN,8 years,71175,32.83,34.27,10.9,0,6,0,Fully Paid,DTI 30-43% (High),Grade A/B (Prime),0,0,0,0.4917,0.0806,2822
LC001435,2024-06-01,2024,6,30000,36,15.62,D,Debt Consolidation,RENT,4 years,18292,29.69,83.38,25.2,0,16,0,Fully Paid,DTI 20-30% (Moderate),Grade C/D (High),1,0,0,1.6401,0.2785,8356
LC001436,2020-07-01,2020,7,30000,60,7.41,A,Home Improvement,RENT,2 years,53957,22.34,7.53,10.8,0,12,0,Fully Paid,DTI 20-30% (Moderate),Grade A/B (Prime),0,0,0,0.556,0.039,1169
LC001437,2023-07-01,2023,7,15000,36,22.32,E,Medical,RENT,7 years,58633,32.17,39.27,20.1,0,5,0,Fully Paid,DTI 30-43% (High),Grade E/F (Critical),0,0,0,0.2558,0.3237,4855
LC001438,2024-05-01,2024,5,15000,36,16.02,D,Debt Consolidation,MORTGAGE,10+ years,47157,25.23,37.75,19.8,0,4,0,Fully Paid,DTI 20-30% (Moderate),Grade C/D (High),0,0,0,0.3181,0.1939,2909
LC001439,2022-07-01,2022,7,20000,36,7.21,A,Medical,RENT,10+ years,103325,34.1,11.2,17.6,0,5,0,Fully Paid,DTI 30-43% (High),Grade A/B (Prime),0,0,0,0.1936,0.0734,1468
LC001440,2020-09-01,2020,9,10000,36,6.67,A,Vacation,MORTGAGE,4 years,66896,19.6,22.53,12.2,0,5,0,Fully Paid,DTI < 20% (Low),Grade A/B (Prime),0,0,0,0.1495,0.0254,254
LC001441,2021-12-01,2021,12,5000,60,26.62,F,Debt Consolidation,MORTGAGE,6 years,104307,32.06,39.32,15.1,1,6,1,Charged Off,DTI 30-43% (High),Grade E/F (Critical),0,0,0,0.0479,0.4332,2166
LC001442,2024-12-01,2024,12,35000,60,8.54,B,Medical,MORTGAGE,2 years,48631,20.62,33.95,10.4,0,10,0,Fully Paid,DTI 20-30% (Moderate),Grade A/B (Prime),0,0,0,0.7197,0.0693,2425
LC001443,2021-11-01,2021,11,10000,36,8.62,B,Home Improvement,MORTGAGE,10+ years,86573,19.86,27.13,11.9,0,12,0,Fully Paid,DTI < 20% (Low),Grade A/B (Prime),0,0,0,0.1155,0.0623,623
LC001444,2023-04-01,2023,4,10000,36,23.04,E,Auto,RENT,10+ years,122704,43.48,15.63,17.7,1,5,0,Fully Paid,DTI > 43% (Very High),Grade E/F (Critical),0,0,1,0.0815,0.3809,3809
LC001445,2023-02-01,2023,2,5000,36,26.8,F,Debt Consolidation,RENT,8 years,104386,32.62,71.75,12.2,1,9,0,Fully Paid,DTI 30-43% (High),Grade E/F (Critical),0,0,0,0.0479,0.4874,2437
LC001446,2022-08-01,2022,8,35000,36,27.43,F,Medical,RENT,10+ years,31380,17.6,68.63,17.2,0,9,1,Charged Off,DTI < 20% (Low),Grade E/F (Critical),0,0,0,1.1154,0.4103,14359
LC001447,2023-07-01,2023,7,20000,36,16.17,D,Education,RENT,8 years,47723,30.28,15.99,15.7,0,13,0,Fully Paid,DTI 30-43% (High),Grade C/D (High),0,0,0,0.4191,0.2141,4282
LC001448,2021-06-01,2021,6,25000,36,8.58,B,Vacation,RENT,7 years,45589,32.34,23.86,6.1,0,7,0,Fully Paid,DTI 30-43% (High),Grade A/B (Prime),0,0,0,0.5484,0.1291,3226
LC001449,2022-07-01,2022,7,35000,60,7.27,A,Medical,RENT,< 1 year,69191,31.99,27.73,21.2,0,7,0,Fully Paid,DTI 30-43% (High),Grade A/B (Prime),0,0,0,0.5058,0.065,2274
LC001450,2023-12-01,2023,12,15000,36,15.72,D,Small Business,RENT,5 years,76357,38.41,49.1,6.6,0,7,0,Fully Paid,DTI 30-43% (High),Grade C/D (High),0,0,0,0.1964,0.2718,4078
LC001451,2020-03-01,2020,3,20000,36,12.47,C,Small Business,OWN,8 years,35616,29.02,37.33,12.7,0,6,0,Fully Paid,DTI 20-30% (Moderate),Grade C/D (High),0,0,0,0.5615,0.146,2920
LC001452,2021-06-01,2021,6,5000,60,12.83,C,Auto,MORTGAGE,8 years,56046,20.97,73.91,18.1,0,12,0,Fully Paid,DTI 20-30% (Moderate),Grade C/D (High),0,0,0,0.0892,0.1547,774
LC001453,2023-10-01,2023,10,10000,36,26.89,F,Small Business,RENT,4 years,19733,19.0,23.67,11.8,0,8,0,Fully Paid,DTI < 20% (Low),Grade E/F (Critical),0,0,0,0.5068,0.3826,3826
LC001454,2023-07-01,2023,7,30000,36,6.26,A,Debt Consolidation,MORTGAGE,10+ years,111410,29.16,62.47,19.0,2,7,0,Fully Paid,DTI 20-30% (Moderate),Grade A/B (Prime),0,0,0,0.2693,0.1026,3077
LC001455,2022-07-01,2022,7,25000,36,13.12,C,Auto,RENT,2 years,41932,34.72,47.42,6.4,1,11,0,Fully Paid,DTI 30-43% (High),Grade C/D (High),0,0,0,0.5962,0.1997,4992
LC001456,2023-05-01,2023,5,15000,36,6.95,A,Medical,RENT,6 years,55711,23.91,27.6,21.7,0,14,0,Fully Paid,DTI 20-30% (Moderate),Grade A/B (Prime),0,0,0,0.2692,0.0326,490
LC001457,2022-03-01,2022,3,15000,36,13.39,C,Medical,MORTGAGE,8 years,46406,22.18,64.43,16.6,0,5,0,Fully Paid,DTI 20-30% (Moderate),Grade C/D (High),0,0,0,0.3232,0.1406,2109
LC001458,2024-02-01,2024,2,20000,36,5.61,A,Debt Consolidation,MORTGAGE,8 years,96087,20.16,42.56,19.4,0,6,0,Fully Paid,DTI 20-30% (Moderate),Grade A/B (Prime),0,0,0,0.2081,0.02,400
LC001459,2023-07-01,2023,7,5000,60,6.17,A,Medical,RENT,8 years,18000,22.93,18.96,7.9,0,5,0,Fully Paid,DTI 20-30% (Moderate),Grade A/B (Prime),0,0,0,0.2778,0.05,250
LC001460,2021-04-01,2021,4,10000,60,7.36,A,Home Improvement,OWN,3 years,53728,26.9,59.97,8.8,0,7,0,Fully Paid,DTI 20-30% (Moderate),Grade A/B (Prime),0,0,0,0.1861,0.0831,831
LC001461,2021-02-01,2021,2,10000,60,17.52,D,Medical,OWN,2 years,51384,24.48,36.74,19.1,0,7,0,Fully Paid,DTI 20-30% (Moderate),Grade C/D (High),0,0,0,0.1946,0.1909,1909
LC001462,2023-08-01,2023,8,10000,36,15.7,D,Debt Consolidation,MORTGAGE,7 years,43182,15.5,79.73,7.5,0,7,1,Charged Off,DTI < 20% (Low),Grade C/D (High),1,0,0,0.2316,0.255,2550
LC001463,2024-02-01,2024,2,30000,36,13.08,C,Medical,MORTGAGE,7 years,128427,40.92,22.25,19.0,1,9,0,Fully Paid,DTI 30-43% (High),Grade C/D (High),0,0,0,0.2336,0.1987,5960
LC001464,2020-06-01,2020,6,10000,36,25.22,F,Vacation,MORTGAGE,2 years,34764,40.39,42.42,3.1,0,7,1,Charged Off,DTI 30-43% (High),Grade E/F (Critical),0,0,0,0.2877,0.4903,4903
LC001465,2022-04-01,2022,4,10000,36,9.24,B,Debt Consolidation,RENT,8 years,79690,22.17,23.75,8.4,0,12,0,Fully Paid,DTI 20-30% (Moderate),Grade A/B (Prime),0,0,0,0.1255,0.0815,815
LC001466,2019-09-01,2019,9,20000,36,10.72,B,Vacation,RENT,5 years,64739,28.83,39.58,25.2,0,7,0,Fully Paid,DTI 20-30% (Moderate),Grade A/B (Prime),0,0,0,0.3089,0.0883,1766
LC001467,2021-05-01,2021,5,30000,36,20.64,E,Home Improvement,RENT,8 years,101799,18.25,9.24,11.9,0,14,0,Fully Paid,DTI < 20% (Low),Grade E/F (Critical),0,0,0,0.2947,0.2843,8529
LC001468,2023-04-01,2023,4,10000,36,8.53,B,Auto,MORTGAGE,10+ years,38809,22.22,18.52,12.8,0,5,0,Fully Paid,DTI 20-30% (Moderate),Grade A/B (Prime),0,0,0,0.2577,0.0685,685
LC001469,2019-08-01,2019,8,5000,36,27.41,F,Education,MORTGAGE,2 years,37553,8.27,11.68,5.8,0,5,1,Charged Off,DTI < 20% (Low),Grade E/F (Critical),0,0,0,0.1331,0.4006,2003
LC001470,2023-03-01,2023,3,15000,36,5.17,A,Small Business,RENT,< 1 year,93717,22.83,44.57,17.4,0,7,0,Fully Paid,DTI 20-30% (Moderate),Grade A/B (Prime),0,0,0,0.1601,0.0283,425
LC001471,2024-09-01,2024,9,25000,36,26.29,F,Medical,OWN,9 years,67014,32.18,34.4,18.8,0,8,0,Fully Paid,DTI 30-43% (High),Grade E/F (Critical),0,0,0,0.3731,0.4217,10543
LC001472,2024-08-01,2024,8,20000,36,6.88,A,Auto,OWN,7 years,25023,24.43,43.72,9.0,2,6,1,Charged Off,DTI 20-30% (Moderate),Grade A/B (Prime),0,0,0,0.7993,0.0767,1534
LC001473,2020-12-01,2020,12,30000,36,20.89,E,Home Improvement,MORTGAGE,8 years,41371,25.69,41.37,13.5,0,9,0,Fully Paid,DTI 20-30% (Moderate),Grade E/F (Critical),0,0,0,0.7251,0.3023,9068
LC001474,2023-12-01,2023,12,40000,36,12.61,C,Home Improvement,MORTGAGE,10+ years,65722,37.22,51.75,9.6,1,8,1,Charged Off,DTI 30-43% (High),Grade C/D (High),0,0,0,0.6086,0.2036,8143
LC001475,2024-08-01,2024,8,30000,36,27.4,F,Medical,OWN,10+ years,82362,29.13,10.13,27.5,0,5,0,Fully Paid,DTI 20-30% (Moderate),Grade E/F (Critical),0,0,0,0.3642,0.4095,12286
LC001476,2019-10-01,2019,10,20000,36,6.74,A,Education,RENT,10+ years,38576,19.72,7.12,10.9,0,8,0,Fully Paid,DTI < 20% (Low),Grade A/B (Prime),0,0,0,0.5185,0.0293,586
LC001477,2021-05-01,2021,5,20000,36,13.01,C,Education,MORTGAGE,6 years,18000,34.57,39.48,9.3,0,7,0,Fully Paid,DTI 30-43% (High),Grade C/D (High),0,0,0,1.1111,0.1784,3568
LC001478,2024-01-01,2024,1,5000,36,26.53,F,Education,RENT,6 years,70376,23.46,17.14,14.9,1,16,1,Charged Off,DTI 20-30% (Moderate),Grade E/F (Critical),0,0,0,0.071,0.3991,1996
LC001479,2020-11-01,2020,11,40000,60,13.1,C,Home Improvement,MORTGAGE,5 years,29432,45.74,27.09,4.9,0,8,0,Fully Paid,DTI > 43% (Very High),Grade C/D (High),0,0,1,1.3591,0.2363,9450
LC001480,2024-10-01,2024,10,15000,36,16.7,D,Education,RENT,2 years,19758,25.33,52.27,21.3,0,7,0,Fully Paid,DTI 20-30% (Moderate),Grade C/D (High),0,0,0,0.7592,0.1989,2983
LC001481,2022-09-01,2022,9,10000,36,17.17,D,Debt Consolidation,OWN,7 years,18000,16.68,30.66,8.8,0,6,1,Charged Off,DTI < 20% (Low),Grade C/D (High),0,0,0,0.5556,0.1916,1916
LC001482,2019-02-01,2019,2,25000,36,12.4,C,Small Business,OWN,3 years,81389,22.04,50.41,13.6,0,12,0,Fully Paid,DTI 20-30% (Moderate),Grade C/D (High),0,0,0,0.3072,0.1162,2904
LC001483,2022-01-01,2022,1,10000,36,16.65,D,Debt Consolidation,RENT,10+ years,57775,26.19,62.6,5.5,0,3,1,Charged Off,DTI 20-30% (Moderate),Grade C/D (High),0,0,0,0.1731,0.2515,2515
LC001484,2021-06-01,2021,6,20000,36,12.01,C,Home Improvement,MORTGAGE,7 years,48396,39.88,38.12,13.5,0,5,1,Charged Off,DTI 30-43% (High),Grade C/D (High),0,0,0,0.4133,0.187,3740
LC001485,2021-01-01,2021,1,20000,60,26.77,F,Home Improvement,OWN,7 years,108501,22.77,73.4,25.1,0,6,1,Charged Off,DTI 20-30% (Moderate),Grade E/F (Critical),0,0,0,0.1843,0.4309,8618
LC001486,2022-10-01,2022,10,15000,60,5.75,A,Home Improvement,MORTGAGE,4 years,74508,15.65,29.55,4.7,0,11,0,Fully Paid,DTI < 20% (Low),Grade A/B (Prime),0,0,0,0.2013,0.0479,718
LC001487,2022-10-01,2022,10,30000,36,8.31,B,Medical,OWN,< 1 year,121558,17.43,19.37,16.5,0,6,0,Fully Paid,DTI < 20% (Low),Grade A/B (Prime),0,0,0,0.2468,0.053,1590
LC001488,2022-10-01,2022,10,10000,60,27.01,F,Home Improvement,MORTGAGE,< 1 year,27001,13.78,35.54,10.1,0,6,1,Charged Off,DTI < 20% (Low),Grade E/F (Critical),0,0,0,0.3704,0.3877,3877
LC001489,2019-07-01,2019,7,15000,36,21.57,E,Home Improvement,RENT,5 years,53248,31.03,30.14,23.6,0,5,0,Fully Paid,DTI 30-43% (High),Grade E/F (Critical),0,0,0,0.2817,0.3191,4787
LC001490,2024-07-01,2024,7,20000,36,13.43,C,Debt Consolidation,RENT,1 year,24140,23.73,40.22,8.4,0,6,1,Charged Off,DTI 20-30% (Moderate),Grade C/D (High),0,0,0,0.8285,0.1377,2754
LC001491,2022-01-01,2022,1,25000,60,16.46,D,Home Improvement,RENT,7 years,48306,33.68,72.95,16.5,0,9,0,Fully Paid,DTI 30-43% (High),Grade C/D (High),0,0,0,0.5175,0.2736,6841
LC001492,2024-10-01,2024,10,30000,36,9.53,B,Debt Consolidation,MORTGAGE,10+ years,47844,36.02,16.24,14.3,0,5,0,Fully Paid,DTI 30-43% (High),Grade A/B (Prime),0,0,0,0.627,0.1192,3575
LC001493,2024-05-01,2024,5,15000,36,9.64,B,Debt Consolidation,RENT,10+ years,74110,24.56,38.8,22.3,1,8,0,Fully Paid,DTI 20-30% (Moderate),Grade A/B (Prime),0,0,0,0.2024,0.0832,1249
LC001494,2021-03-01,2021,3,25000,60,13.16,C,Small Business,MORTGAGE,8 years,55425,38.81,59.88,19.8,0,9,0,Fully Paid,DTI 30-43% (High),Grade C/D (High),0,0,0,0.4511,0.198,4950
LC001495,2019-11-01,2019,11,10000,36,8.54,B,Medical,MORTGAGE,2 years,73991,11.38,46.83,12.5,0,6,0,Fully Paid,DTI < 20% (Low),Grade A/B (Prime),0,0,0,0.1352,0.0605,605
LC001496,2024-12-01,2024,12,35000,60,12.92,C,Small Business,MORTGAGE,10+ years,77012,32.61,26.65,13.0,0,8,0,Fully Paid,DTI 30-43% (High),Grade C/D (High),0,0,0,0.4545,0.1594,5580
LC001497,2023-02-01,2023,2,15000,60,6.69,A,Home Improvement,OWN,10+ years,159128,38.59,29.1,18.8,0,9,0,Fully Paid,DTI 30-43% (High),Grade A/B (Prime),0,0,0,0.0943,0.0914,1370
LC001498,2019-11-01,2019,11,25000,60,26.81,F,Home Improvement,OWN,2 years,46275,25.46,68.96,7.3,0,9,1,Charged Off,DTI 20-30% (Moderate),Grade E/F (Critical),0,0,0,0.5403,0.4559,11397
LC001499,2023-05-01,2023,5,5000,36,25.13,F,Auto,RENT,9 years,33843,21.83,32.25,13.1,0,4,0,Fully Paid,DTI 20-30% (Moderate),Grade E/F (Critical),0,0,0,0.1477,0.386,1930
LC001500,2019-05-01,2019,5,10000,36,16.93,D,Small Business,MORTGAGE,3 years,61270,42.78,31.19,10.7,0,8,0,Fully Paid,DTI 30-43% (High),Grade C/D (High),0,0,0,0.1632,0.277,2770
LC001501,2019-02-01,2019,2,20000,60,14.57,C,Home Improvement,MORTGAGE,10+ years,36274,18.44,40.95,7.4,0,9,0,Fully Paid,DTI < 20% (Low),Grade C/D (High),0,0,0,0.5514,0.1258,2516
LC001502,2022-06-01,2022,6,35000,60,8.91,B,Debt Consolidation,MORTGAGE,10+ years,113662,28.06,43.43,14.6,0,9,0,Fully Paid,DTI 20-30% (Moderate),Grade A/B (Prime),0,0,0,0.3079,0.0864,3025
LC001503,2019-07-01,2019,7,20000,36,20.82,E,Home Improvement,OWN,< 1 year,47023,20.25,7.95,18.9,0,4,0,Fully Paid,DTI 20-30% (Moderate),Grade E/F (Critical),0,0,0,0.4253,0.276,5520
LC001504,2024-01-01,2024,1,35000,60,17.1,D,Home Improvement,RENT,10+ years,40832,21.48,32.63,10.7,0,7,0,Fully Paid,DTI 20-30% (Moderate),Grade C/D (High),0,0,0,0.8572,0.1918,6714
LC001505,2024-03-01,2024,3,20000,36,6.65,A,Home Improvement,RENT,7 years,42802,17.19,7.6,17.3,2,8,0,Fully Paid,DTI < 20% (Low),Grade A/B (Prime),0,0,0,0.4673,0.041,820
LC001506,2023-04-01,2023,4,20000,36,27.75,F,Small Business,OWN,10+ years,77591,42.7,15.81,17.0,0,10,0,Fully Paid,DTI 30-43% (High),Grade E/F (Critical),0,0,0,0.2578,0.4638,9276
LC001507,2019-02-01,2019,2,5000,36,20.39,E,Small Business,RENT,5 years,50067,19.11,30.37,18.3,0,6,0,Fully Paid,DTI < 20% (Low),Grade E/F (Critical),0,0,0,0.0999,0.275,1375
LC001508,2021-10-01,2021,10,30000,36,27.39,F,Small Business,MORTGAGE,10+ years,39307,20.95,52.22,18.4,0,6,0,Fully Paid,DTI 20-30% (Moderate),Grade E/F (Critical),0,0,0,0.7632,0.3812,11437
LC001509,2021-11-01,2021,11,10000,60,17.27,D,Education,OWN,< 1 year,124577,32.87,39.96,22.8,0,7,0,Fully Paid,DTI 30-43% (High),Grade C/D (High),0,0,0,0.0803,0.2245,2245
LC001510,2022-05-01,2022,5,35000,36,16.69,D,Education,RENT,4 years,35310,26.84,11.88,16.2,0,8,0,Fully Paid,DTI 20-30% (Moderate),Grade C/D (High),0,0,0,0.9912,0.2004,7013
LC001511,2020-04-01,2020,4,35000,60,13.07,C,Medical,OWN,< 1 year,55148,21.68,63.24,20.3,0,9,0,Fully Paid,DTI 20-30% (Moderate),Grade C/D (High),0,0,0,0.6347,0.1362,4767
LC001512,2022-11-01,2022,11,35000,36,27.62,F,Vacation,RENT,10+ years,75068,21.05,25.73,5.0,0,15,0,Fully Paid,DTI 20-30% (Moderate),Grade E/F (Critical),0,0,0,0.4662,0.4072,14252
LC001513,2022-02-01,2022,2,20000,36,22.1,E,Debt Consolidation,MORTGAGE,10+ years,23965,27.77,47.01,24.7,0,8,0,Fully Paid,DTI 20-30% (Moderate),Grade E/F (Critical),0,0,0,0.8346,0.3061,6122
LC001514,2024-11-01,2024,11,25000,60,5.49,A,Debt Consolidation,MORTGAGE,10+ years,68881,21.06,22.42,5.4,1,5,0,Fully Paid,DTI 20-30% (Moderate),Grade A/B (Prime),0,0,0,0.3629,0.062,1551
LC001515,2024-01-01,2024,1,30000,36,7.06,A,Debt Consolidation,OWN,10+ years,31967,34.06,44.43,29.2,0,6,0,Fully Paid,DTI 30-43% (High),Grade A/B (Prime),0,0,0,0.9385,0.0732,2197
LC001516,2022-08-01,2022,8,10000,60,9.15,B,Medical,RENT,1 year,81748,33.19,69.51,9.7,0,12,0,Fully Paid,DTI 30-43% (High),Grade A/B (Prime),0,0,0,0.1223,0.1607,1607
LC001517,2023-02-01,2023,2,20000,36,21.46,E,Auto,MORTGAGE,4 years,33479,29.32,40.44,14.4,0,10,0,Fully Paid,DTI 20-30% (Moderate),Grade E/F (Critical),0,0,0,0.5974,0.3141,6282
LC001518,2020-04-01,2020,4,5000,36,26.86,F,Debt Consolidation,MORTGAGE,< 1 year,76602,30.15,23.75,9.5,0,4,1,Charged Off,DTI 30-43% (High),Grade E/F (Critical),0,0,0,0.0653,0.4301,2150
LC001519,2020-12-01,2020,12,20000,36,6.28,A,Auto,MORTGAGE,2 years,94176,23.19,24.97,22.7,0,5,0,Fully Paid,DTI 20-30% (Moderate),Grade A/B (Prime),0,0,0,0.2124,0.0298,595
LC001520,2024-10-01,2024,10,10000,60,13.75,C,Debt Consolidation,MORTGAGE,2 years,83343,26.43,34.88,13.8,0,14,0,Fully Paid,DTI 20-30% (Moderate),Grade C/D (High),0,0,0,0.12,0.1323,1323
LC001521,2023-05-01,2023,5,10000,36,9.13,B,Auto,RENT,5 years,61430,23.34,38.46,12.8,0,5,0,Fully Paid,DTI 20-30% (Moderate),Grade A/B (Prime),0,0,0,0.1628,0.073,730
LC001522,2020-02-01,2020,2,15000,60,25.9,F,Home Improvement,RENT,3 years,48260,6.91,12.06,17.3,0,15,0,Fully Paid,DTI < 20% (Low),Grade E/F (Critical),0,0,0,0.3108,0.373,5595
LC001523,2022-10-01,2022,10,15000,60,21.09,E,Debt Consolidation,RENT,1 year,40611,18.16,23.32,16.8,0,7,0,Fully Paid,DTI < 20% (Low),Grade E/F (Critical),0,0,0,0.3694,0.275,4125
LC001524,2024-09-01,2024,9,20000,36,21.54,E,Small Business,MORTGAGE,2 years,113042,28.68,68.24,10.7,0,8,0,Fully Paid,DTI 20-30% (Moderate),Grade E/F (Critical),0,0,0,0.1769,0.3591,7182
LC001525,2021-02-01,2021,2,5000,60,13.78,C,Debt Consolidation,RENT,1 year,38187,27.4,36.18,15.2,0,5,0,Fully Paid,DTI 20-30% (Moderate),Grade C/D (High),0,0,0,0.1309,0.1326,663
LC001526,2020-06-01,2020,6,20000,36,13.28,C,Debt Consolidation,RENT,10+ years,32256,48.56,5.22,15.2,0,6,0,Fully Paid,DTI > 43% (Very High),Grade C/D (High),0,0,1,0.62,0.2172,4345
LC001527,2024-07-01,2024,7,10000,36,8.52,B,Home Improvement,OWN,9 years,75560,19.78,20.79,6.8,0,13,0,Fully Paid,DTI < 20% (Low),Grade A/B (Prime),0,0,0,0.1323,0.0776,776
LC001528,2022-06-01,2022,6,20000,36,8.39,A,Education,RENT,10+ years,36386,16.97,39.74,12.9,0,10,0,Fully Paid,DTI < 20% (Low),Grade A/B (Prime),0,0,0,0.5497,0.0233,466
LC001529,2021-11-01,2021,11,25000,36,21.61,E,Small Business,OWN,5 years,33690,25.09,23.03,25.3,1,5,1,Charged Off,DTI 20-30% (Moderate),Grade E/F (Critical),0,0,0,0.7421,0.3074,7684
LC001530,2021-11-01,2021,11,20000,36,22.42,E,Home Improvement,MORTGAGE,3 years,26323,33.58,52.0,18.2,1,11,0,Fully Paid,DTI 30-43% (High),Grade E/F (Critical),0,0,0,0.7598,0.3453,6906
LC001531,2024-12-01,2024,12,25000,36,26.68,F,Small Business,MORTGAGE,10+ years,42555,22.49,51.82,9.5,1,6,1,Charged Off,DTI 20-30% (Moderate),Grade E/F (Critical),0,0,0,0.5875,0.4151,10377
LC001532,2024-04-01,2024,4,15000,36,27.23,F,Medical,RENT,4 years,51981,13.5,3.41,17.2,1,10,0,Fully Paid,DTI < 20% (Low),Grade E/F (Critical),0,0,0,0.2886,0.385,5775
LC001533,2021-01-01,2021,1,25000,60,13.47,C,Debt Consolidation,RENT,3 years,61178,18.01,34.72,19.6,0,4,0,Fully Paid,DTI < 20% (Low),Grade C/D (High),0,0,0,0.4086,0.103,2575
LC001534,2019-02-01,2019,2,15000,36,17.77,D,Home Improvement,MORTGAGE,2 years,87173,39.01,16.58,28.3,0,6,0,Fully Paid,DTI 30-43% (High),Grade C/D (High),0,0,0,0.1721,0.249,3736
LC001535,2022-12-01,2022,12,20000,60,27.65,F,Debt Consolidation,MORTGAGE,1 year,70506,29.43,16.64,16.3,1,9,0,Fully Paid,DTI 20-30% (Moderate),Grade E/F (Critical),0,0,0,0.2837,0.4227,8454
LC001536,2020-10-01,2020,10,25000,36,22.1,E,Debt Consolidation,MORTGAGE,3 years,49245,26.1,83.2,21.0,0,10,1,Charged Off,DTI 20-30% (Moderate),Grade E/F (Critical),1,0,0,0.5077,0.3658,9145
LC001537,2020-12-01,2020,12,5000,60,8.95,B,Medical,RENT,4 years,49065,23.92,23.25,22.4,0,6,0,Fully Paid,DTI 20-30% (Moderate),Grade A/B (Prime),0,0,0,0.1019,0.0687,343
LC001538,2021-10-01,2021,10,25000,36,12.34,C,Debt Consolidation,MORTGAGE,8 years,69918,27.47,15.96,9.9,0,6,0,Fully Paid,DTI 20-30% (Moderate),Grade C/D (High),0,0,0,0.3576,0.1482,3704
LC001539,2019-12-01,2019,12,20000,36,6.67,A,Small Business,MORTGAGE,< 1 year,102363,18.64,46.47,3.4,0,3,0,Fully Paid,DTI < 20% (Low),Grade A/B (Prime),0,0,0,0.1954,0.0518,1036
LC001540,2024-06-01,2024,6,15000,36,27.55,F,Medical,MORTGAGE,2 years,57708,29.85,63.46,9.1,0,13,0,Fully Paid,DTI 20-30% (Moderate),Grade E/F (Critical),0,0,0,0.2599,0.457,6855
LC001541,2019-08-01,2019,8,5000,36,16.62,D,Debt Consolidation,MORTGAGE,10+ years,42849,12.2,14.48,7.3,2,10,0,Fully Paid,DTI < 20% (Low),Grade C/D (High),0,0,0,0.1167,0.2201,1100
LC001542,2021-03-01,2021,3,5000,36,10.05,B,Small Business,MORTGAGE,1 year,32977,18.48,21.09,17.6,0,8,0,Fully Paid,DTI < 20% (Low),Grade A/B (Prime),0,0,0,0.1516,0.053,265
LC001543,2020-07-01,2020,7,35000,60,17.96,D,Debt Consolidation,MORTGAGE,4 years,26302,41.02,43.29,8.4,0,14,0,Fully Paid,DTI 30-43% (High),Grade C/D (High),0,0,0,1.3307,0.2769,9691
LC001544,2023-09-01,2023,9,25000,60,16.07,D,Vacation,RENT,10+ years,75594,18.47,73.87,9.5,0,7,0,Fully Paid,DTI < 20% (Low),Grade C/D (High),0,0,0,0.3307,0.2372,5931
LC001545,2019-04-01,2019,4,10000,60,8.53,B,Small Business,MORTGAGE,2 years,72330,7.09,45.81,18.8,0,12,0,Fully Paid,DTI < 20% (Low),Grade A/B (Prime),0,0,0,0.1383,0.053,530
LC001546,2022-11-01,2022,11,15000,36,6.29,A,Education,RENT,1 year,72307,10.8,77.87,12.0,1,9,0,Fully Paid,DTI < 20% (Low),Grade A/B (Prime),1,0,0,0.2074,0.0937,1406
LC001547,2023-07-01,2023,7,20000,36,17.05,D,Small Business,RENT,6 years,50801,13.46,81.35,19.4,2,12,0,Fully Paid,DTI < 20% (Low),Grade C/D (High),1,0,0,0.3937,0.2597,5194
LC001548,2024-07-01,2024,7,30000,60,12.38,C,Debt Consolidation,RENT,3 years,109477,30.64,46.82,20.9,1,3,0,Fully Paid,DTI 30-43% (High),Grade C/D (High),0,0,0,0.274,0.1576,4727
LC001549,2023-12-01,2023,12,5000,36,17.88,D,Medical,RENT,7 years,42529,36.71,51.27,8.5,0,7,0,Fully Paid,DTI 30-43% (High),Grade C/D (High),0,0,0,0.1176,0.2619,1309
LC001550,2019-10-01,2019,10,10000,60,13.14,C,Vacation,RENT,10+ years,87346,11.38,24.17,13.2,0,7,0,Fully Paid,DTI < 20% (Low),Grade C/D (High),0,0,0,0.1145,0.1084,1084
LC001551,2019-09-01,2019,9,35000,36,21.43,E,Small Business,RENT,1 year,53137,41.9,56.99,21.5,0,8,1,Charged Off,DTI 30-43% (High),Grade E/F (Critical),0,0,0,0.6587,0.3766,13180
LC001552,2023-03-01,2023,3,5000,60,11.65,C,Education,MORTGAGE,7 years,39968,28.83,22.89,14.4,0,8,0,Fully Paid,DTI 20-30% (Moderate),Grade C/D (High),0,0,0,0.1251,0.1401,701
LC001553,2020-11-01,2020,11,10000,60,11.75,C,Auto,OWN,6 years,72858,26.5,19.98,29.8,0,9,0,Fully Paid,DTI 20-30% (Moderate),Grade C/D (High),0,0,0,0.1373,0.129,1290
LC001554,2022-01-01,2022,1,40000,60,21.62,E,Debt Consolidation,RENT,1 year,66491,16.28,65.59,19.5,0,7,1,Charged Off,DTI < 20% (Low),Grade E/F (Critical),0,0,0,0.6016,0.3062,12247
LC001555,2024-08-01,2024,8,20000,36,11.09,C,Debt Consolidation,OWN,7 years,64763,31.63,22.72,10.4,0,4,0,Fully Paid,DTI 30-43% (High),Grade C/D (High),0,0,0,0.3088,0.1633,3266
LC001556,2024-04-01,2024,4,10000,36,7.21,A,Small Business,MORTGAGE,3 years,56423,36.9,45.75,22.0,0,9,0,Fully Paid,DTI 30-43% (High),Grade A/B (Prime),0,0,0,0.1772,0.0846,846
LC001557,2024-02-01,2024,2,5000,60,6.27,A,Home Improvement,RENT,6 years,53160,39.72,53.5,20.6,0,12,1,Charged Off,DTI 30-43% (High),Grade A/B (Prime),0,0,0,0.0941,0.1029,514
LC001558,2024-05-01,2024,5,5000,60,19.39,D,Education,RENT,1 year,178829,22.95,24.21,13.1,0,7,0,Fully Paid,DTI 20-30% (Moderate),Grade C/D (High),0,0,0,0.028,0.1905,952
LC001559,2023-04-01,2023,4,10000,36,18.65,D,Auto,MORTGAGE,5 years,97942,39.62,14.69,21.6,0,9,0,Fully Paid,DTI 30-43% (High),Grade C/D (High),0,0,0,0.1021,0.2515,2515
LC001560,2023-01-01,2023,1,35000,36,16.65,D,Home Improvement,MORTGAGE,3 years,77762,18.14,4.94,20.6,0,7,0,Fully Paid,DTI < 20% (Low),Grade C/D (High),0,0,0,0.4501,0.173,6055
LC001561,2021-12-01,2021,12,15000,60,9.11,B,Debt Consolidation,MORTGAGE,10+ years,57291,24.42,21.85,17.1,0,11,0,Fully Paid,DTI 20-30% (Moderate),Grade A/B (Prime),0,0,0,0.2618,0.0707,1060
LC001562,2024-07-01,2024,7,25000,36,7.2,A,Education,RENT,< 1 year,89642,31.6,81.33,17.4,1,8,0,Fully Paid,DTI 30-43% (High),Grade A/B (Prime),1,0,0,0.2789,0.1381,3452
LC001563,2021-04-01,2021,4,35000,60,7.76,A,Debt Consolidation,RENT,5 years,70193,41.06,20.53,17.2,0,8,0,Fully Paid,DTI 30-43% (High),Grade A/B (Prime),0,0,0,0.4986,0.1012,3543
LC001564,2022-08-01,2022,8,15000,60,7.89,B,Education,RENT,5 years,54891,19.93,7.11,19.4,0,9,0,Fully Paid,DTI < 20% (Low),Grade A/B (Prime),0,0,0,0.2733,0.053,795
LC001565,2021-09-01,2021,9,10000,60,11.37,C,Home Improvement,RENT,9 years,46547,16.63,77.1,16.2,0,3,0,Fully Paid,DTI < 20% (Low),Grade C/D (High),1,0,0,0.2148,0.1572,1572
LC001566,2019-08-01,2019,8,20000,36,8.7,B,Medical,RENT,7 years,52028,33.79,27.44,9.3,0,8,0,Fully Paid,DTI 30-43% (High),Grade A/B (Prime),0,0,0,0.3844,0.1253,2505
LC001567,2022-01-01,2022,1,35000,36,13.27,C,Debt Consolidation,RENT,8 years,18000,36.0,55.57,13.3,0,9,1,Charged Off,DTI 30-43% (High),Grade C/D (High),0,0,0,1.9444,0.1832,6413
LC001568,2021-08-01,2021,8,30000,36,27.2,F,Small Business,MORTGAGE,9 years,60192,31.51,7.51,9.6,1,6,1,Charged Off,DTI 30-43% (High),Grade E/F (Critical),0,0,0,0.4984,0.4472,13417
LC001569,2022-05-01,2022,5,5000,60,10.06,B,Home Improvement,OWN,10+ years,42436,12.8,43.58,18.6,0,9,0,Fully Paid,DTI < 20% (Low),Grade A/B (Prime),0,0,0,0.1178,0.053,265
LC001570,2022-01-01,2022,1,25000,36,11.84,C,Small Business,RENT,3 years,120131,48.51,75.45,16.3,1,7,1,Charged Off,DTI > 43% (Very High),Grade C/D (High),1,0,1,0.2081,0.2799,6999
LC001571,2022-09-01,2022,9,20000,36,19.55,E,Debt Consolidation,OWN,6 years,54703,25.91,23.1,22.3,1,8,0,Fully Paid,DTI 20-30% (Moderate),Grade E/F (Critical),0,0,0,0.3656,0.3106,6213
LC001572,2020-09-01,2020,9,35000,36,9.89,B,Medical,RENT,10+ years,29897,30.17,14.53,7.7,0,8,0,Fully Paid,DTI 30-43% (High),Grade A/B (Prime),0,0,0,1.1707,0.1156,4045
LC001573,2022-07-01,2022,7,10000,36,16.14,D,Auto,MORTGAGE,10+ years,52842,40.89,44.5,23.4,0,9,0,Fully Paid,DTI 30-43% (High),Grade C/D (High),0,0,0,0.1892,0.2566,2566
LC001574,2024-07-01,2024,7,20000,60,19.79,E,Debt Consolidation,RENT,10+ years,32111,42.35,29.26,4.1,0,9,1,Charged Off,DTI 30-43% (High),Grade E/F (Critical),0,0,0,0.6228,0.3971,7942
LC001575,2021-11-01,2021,11,35000,60,26.92,F,Debt Consolidation,MORTGAGE,4 years,68645,44.7,52.85,8.7,1,8,1,Charged Off,DTI > 43% (Very High),Grade E/F (Critical),0,0,1,0.5099,0.5084,17794
LC001576,2022-01-01,2022,1,15000,60,7.03,A,Debt Consolidation,OWN,2 years,62660,20.15,64.99,8.3,0,8,0,Fully Paid,DTI 20-30% (Moderate),Grade A/B (Prime),0,0,0,0.2394,0.0677,1015
LC001577,2022-09-01,2022,9,20000,36,26.7,F,Medical,MORTGAGE,6 years,87459,43.13,37.04,15.4,0,8,1,Charged Off,DTI > 43% (Very High),Grade E/F (Critical),0,0,1,0.2287,0.4655,9310
LC001578,2024-01-01,2024,1,5000,60,12.43,C,Small Business,RENT,9 years,36481,30.45,69.89,10.8,0,7,0,Fully Paid,DTI 30-43% (High),Grade C/D (High),0,0,0,0.1371,0.1972,986
LC001579,2023-12-01,2023,12,10000,36,9.07,B,Small Business,MORTGAGE,6 years,55105,22.2,67.47,14.2,0,9,0,Fully Paid,DTI 20-30% (Moderate),Grade A/B (Prime),0,0,0,0.1815,0.0991,991
LC001580,2019-07-01,2019,7,15000,60,12.5,C,Debt Consolidation,RENT,6 years,27378,23.28,17.71,8.2,2,6,0,Fully Paid,DTI 20-30% (Moderate),Grade C/D (High),0,0,0,0.5479,0.1605,2408
LC001581,2024-09-01,2024,9,35000,36,25.72,F,Home Improvement,OWN,10+ years,76937,28.41,34.77,15.6,0,6,0,Fully Paid,DTI 20-30% (Moderate),Grade E/F (Critical),0,0,0,0.4549,0.4066,14232
LC001582,2024-09-01,2024,9,10000,36,12.23,C,Small Business,MORTGAGE,4 years,70223,27.65,16.19,9.1,0,6,0,Fully Paid,DTI 20-30% (Moderate),Grade C/D (High),0,0,0,0.1424,0.1513,1513
LC001583,2023-05-01,2023,5,20000,36,9.62,B,Small Business,RENT,10+ years,69418,34.16,51.36,15.8,1,7,0,Fully Paid,DTI 30-43% (High),Grade A/B (Prime),0,0,0,0.2881,0.1244,2487
LC001584,2022-12-01,2022,12,25000,36,17.06,D,Vacation,MORTGAGE,5 years,54220,27.8,46.95,14.1,0,8,1,Charged Off,DTI 20-30% (Moderate),Grade C/D (High),0,0,0,0.4611,0.2069,5172
LC001585,2023-06-01,2023,6,10000,60,9.33,B,Debt Consolidation,MORTGAGE,4 years,66662,20.53,40.56,7.4,1,10,0,Fully Paid,DTI 20-30% (Moderate),Grade A/B (Prime),0,0,0,0.15,0.0899,899
LC001586,2022-02-01,2022,2,20000,36,5.6,A,Medical,RENT,5 years,120834,41.03,26.29,5.8,0,9,0,Fully Paid,DTI 30-43% (High),Grade A/B (Prime),0,0,0,0.1655,0.1287,2574
LC001587,2023-02-01,2023,2,25000,36,6.25,A,Home Improvement,MORTGAGE,9 years,46979,46.81,28.25,14.9,1,8,0,Fully Paid,DTI > 43% (Very High),Grade A/B (Prime),0,0,1,0.5322,0.1365,3414
LC001588,2024-10-01,2024,10,30000,60,4.66,A,Home Improvement,RENT,1 year,58065,26.04,20.69,15.5,0,8,0,Fully Paid,DTI 20-30% (Moderate),Grade A/B (Prime),0,0,0,0.5167,0.0412,1235
LC001589,2024-09-01,2024,9,20000,36,6.54,A,Medical,MORTGAGE,2 years,31475,29.56,39.99,16.9,0,3,0,Fully Paid,DTI 20-30% (Moderate),Grade A/B (Prime),0,0,0,0.6354,0.0552,1105
LC001590,2022-01-01,2022,1,25000,36,7.54,A,Medical,MORTGAGE,10+ years,35097,33.49,15.77,6.0,0,9,0,Fully Paid,DTI 30-43% (High),Grade A/B (Prime),0,0,0,0.7123,0.098,2449
LC001591,2024-10-01,2024,10,10000,36,15.62,D,Vacation,MORTGAGE,2 years,56892,38.59,27.71,24.2,0,11,0,Fully Paid,DTI 30-43% (High),Grade C/D (High),0,0,0,0.1758,0.2474,2474
LC001592,2019-12-01,2019,12,35000,60,8.73,B,Debt Consolidation,MORTGAGE,7 years,94086,53.73,20.39,13.9,1,12,0,Fully Paid,DTI > 43% (Very High),Grade A/B (Prime),0,0,1,0.372,0.2032,7113
LC001593,2019-12-01,2019,12,10000,36,9.46,B,Debt Consolidation,MORTGAGE,7 years,47661,28.83,75.62,15.2,1,5,0,Fully Paid,DTI 20-30% (Moderate),Grade A/B (Prime),1,0,0,0.2098,0.1516,1516
LC001594,2022-05-01,2022,5,30000,60,22.4,E,Medical,RENT,6 years,48148,11.57,19.96,4.8,0,8,1,Charged Off,DTI < 20% (Low),Grade E/F (Critical),0,0,0,0.6231,0.3056,9168
LC001595,2023-07-01,2023,7,10000,36,12.44,C,Small Business,MORTGAGE,8 years,44203,40.73,36.19,6.4,1,11,0,Fully Paid,DTI 30-43% (High),Grade C/D (High),0,0,0,0.2262,0.2237,2237
LC001596,2020-12-01,2020,12,35000,36,16.25,D,Debt Consolidation,RENT,2 years,41466,14.9,36.84,17.8,0,12,0,Fully Paid,DTI < 20% (Low),Grade C/D (High),0,0,0,0.8441,0.173,6055
LC001597,2022-10-01,2022,10,25000,36,4.82,A,Debt Consolidation,MORTGAGE,6 years,62786,26.96,53.8,16.5,0,1,0,Fully Paid,DTI 20-30% (Moderate),Grade A/B (Prime),0,0,0,0.3982,0.0524,1311
LC001598,2019-06-01,2019,6,25000,60,9.28,B,Debt Consolidation,RENT,4 years,25626,24.37,44.14,12.2,0,7,0,Fully Paid,DTI 20-30% (Moderate),Grade A/B (Prime),0,0,0,0.9756,0.0789,1972
LC001599,2023-06-01,2023,6,10000,36,8.03,A,Auto,RENT,8 years,102793,21.74,43.48,19.4,0,12,0,Fully Paid,DTI 20-30% (Moderate),Grade A/B (Prime),0,0,0,0.0973,0.024,240
LC001600,2024-06-01,2024,6,15000,60,6.62,A,Debt Consolidation,MORTGAGE,1 year,38843,20.27,35.86,12.2,2,5,0,Fully Paid,DTI 20-30% (Moderate),Grade A/B (Prime),0,0,0,0.3862,0.0505,757
LC001601,2023-08-01,2023,8,20000,36,9.18,B,Home Improvement,RENT,7 years,77727,29.82,13.26,13.2,1,7,0,Fully Paid,DTI 20-30% (Moderate),Grade A/B (Prime),0,0,0,0.2573,0.1097,2194
LC001602,2021-07-01,2021,7,25000,36,6.66,A,Debt Consolidation,MORTGAGE,2 years,28710,46.99,37.55,22.4,0,6,0,Fully Paid,DTI > 43% (Very High),Grade A/B (Prime),0,0,1,0.8708,0.125,3124
LC001603,2024-05-01,2024,5,5000,60,6.39,A,Home Improvement,RENT,3 years,75691,36.44,15.04,6.5,0,8,0,Fully Paid,DTI 30-43% (High),Grade A/B (Prime),0,0,0,0.0661,0.1083,541
LC001604,2023-10-01,2023,10,40000,60,5.75,A,Debt Consolidation,RENT,2 years,75809,15.85,69.8,13.0,0,12,0,Fully Paid,DTI < 20% (Low),Grade A/B (Prime),0,0,0,0.5276,0.0626,2504
LC001605,2024-02-01,2024,2,35000,36,13.46,C,Small Business,MORTGAGE,2 years,65651,24.98,35.6,20.8,0,9,0,Fully Paid,DTI 20-30% (Moderate),Grade C/D (High),0,0,0,0.5331,0.1229,4302
LC001606,2023-10-01,2023,10,10000,60,9.38,B,Debt Consolidation,RENT,10+ years,32951,25.18,10.15,28.2,0,12,0,Fully Paid,DTI 20-30% (Moderate),Grade A/B (Prime),0,0,0,0.3035,0.0737,737
LC001607,2024-06-01,2024,6,30000,60,9.21,B,Education,RENT,3 years,61376,13.83,15.26,10.8,0,8,0,Fully Paid,DTI < 20% (Low),Grade A/B (Prime),0,0,0,0.4888,0.0656,1968
LC001608,2024-10-01,2024,10,20000,36,12.02,C,Debt Consolidation,MORTGAGE,10+ years,29986,18.82,68.55,18.9,0,8,0,Fully Paid,DTI < 20% (Low),Grade C/D (High),0,0,0,0.667,0.1401,2802
LC001609,2022-05-01,2022,5,20000,36,17.84,D,Small Business,RENT,10+ years,47744,47.54,37.14,22.5,0,14,0,Fully Paid,DTI > 43% (Very High),Grade C/D (High),0,0,1,0.4189,0.2832,5663
LC001610,2021-04-01,2021,4,15000,36,6.93,A,Auto,MORTGAGE,7 years,90645,51.55,58.37,18.9,0,9,0,Fully Paid,DTI > 43% (Very High),Grade A/B (Prime),0,0,1,0.1655,0.1599,2399
LC001611,2023-10-01,2023,10,20000,36,20.96,E,Medical,RENT,1 year,80688,24.26,16.44,22.0,0,8,1,Charged Off,DTI 20-30% (Moderate),Grade E/F (Critical),0,0,0,0.2479,0.292,5841
LC001612,2022-11-01,2022,11,25000,60,17.6,D,Small Business,RENT,4 years,54589,22.88,30.42,6.9,0,5,0,Fully Paid,DTI 20-30% (Moderate),Grade C/D (High),0,0,0,0.458,0.2088,5220
LC001613,2023-05-01,2023,5,15000,36,6.0,A,Home Improvement,MORTGAGE,10+ years,33276,30.93,15.4,16.2,1,1,0,Fully Paid,DTI 30-43% (High),Grade A/B (Prime),0,0,0,0.4508,0.0727,1091
LC001614,2021-09-01,2021,9,20000,36,20.77,E,Home Improvement,RENT,4 years,74817,24.68,32.2,12.6,2,6,0,Fully Paid,DTI 20-30% (Moderate),Grade E/F (Critical),0,0,0,0.2673,0.3249,6498
LC001615,2022-12-01,2022,12,25000,36,26.19,F,Medical,RENT,1 year,54704,24.61,58.14,16.9,0,7,0,Fully Paid,DTI 20-30% (Moderate),Grade E/F (Critical),0,0,0,0.457,0.4077,10193
LC001616,2022-02-01,2022,2,25000,60,4.98,A,Vacation,RENT,6 years,18000,28.18,48.31,19.8,1,8,0,Fully Paid,DTI 20-30% (Moderate),Grade A/B (Prime),0,0,0,1.3889,0.0617,1543
LC001617,2024-06-01,2024,6,5000,60,9.58,B,Medical,RENT,10+ years,80123,22.7,10.12,11.8,2,5,0,Fully Paid,DTI 20-30% (Moderate),Grade A/B (Prime),0,0,0,0.0624,0.0974,487
LC001618,2023-11-01,2023,11,30000,36,19.94,E,Small Business,MORTGAGE,10+ years,53524,22.56,36.57,10.1,0,8,0,Fully Paid,DTI 20-30% (Moderate),Grade E/F (Critical),0,0,0,0.5605,0.2999,8998
LC001619,2019-09-01,2019,9,15000,36,15.82,D,Medical,RENT,2 years,98837,31.27,22.46,8.9,0,5,0,Fully Paid,DTI 30-43% (High),Grade C/D (High),0,0,0,0.1518,0.2364,3546
LC001620,2020-12-01,2020,12,10000,36,7.54,B,Home Improvement,MORTGAGE,8 years,31331,17.19,33.08,10.2,0,6,0,Fully Paid,DTI < 20% (Low),Grade A/B (Prime),0,0,0,0.3192,0.0674,674
LC001621,2019-10-01,2019,10,10000,60,9.13,B,Debt Consolidation,OWN,2 years,18000,12.25,35.05,17.5,0,14,0,Fully Paid,DTI < 20% (Low),Grade A/B (Prime),0,0,0,0.5556,0.053,530
LC001622,2019-05-01,2019,5,20000,36,9.08,B,Small Business,RENT,2 years,62289,35.81,17.28,7.9,0,5,1,Charged Off,DTI 30-43% (High),Grade A/B (Prime),0,0,0,0.3211,0.1375,2751
LC001623,2020-12-01,2020,12,35000,60,12.54,C,Vacation,OWN,10+ years,62679,30.35,70.73,19.0,0,4,0,Fully Paid,DTI 30-43% (High),Grade C/D (High),0,0,0,0.5584,0.1859,6505
LC001624,2023-11-01,2023,11,15000,36,15.97,D,Debt Consolidation,RENT,3 years,23264,13.85,27.09,26.2,0,12,0,Fully Paid,DTI < 20% (Low),Grade C/D (High),0,0,0,0.6448,0.173,2595
LC001625,2024-06-01,2024,6,25000,36,8.26,B,Medical,OWN,3 years,33215,33.67,78.16,16.3,0,6,0,Fully Paid,DTI 30-43% (High),Grade A/B (Prime),1,0,0,0.7527,0.164,4100
LC001626,2021-10-01,2021,10,5000,60,13.17,C,Debt Consolidation,RENT,< 1 year,214831,42.97,39.66,21.3,0,8,1,Charged Off,DTI 30-43% (High),Grade C/D (High),0,0,0,0.0233,0.1949,974
LC001627,2022-12-01,2022,12,20000,60,16.36,D,Small Business,MORTGAGE,10+ years,46499,9.84,60.78,13.2,0,7,0,Fully Paid,DTI < 20% (Low),Grade C/D (High),0,0,0,0.4301,0.2,3999
LC001628,2023-04-01,2023,4,40000,36,6.65,A,Debt Consolidation,MORTGAGE,10+ years,78079,27.54,10.87,19.2,0,3,0,Fully Paid,DTI 20-30% (Moderate),Grade A/B (Prime),0,0,0,0.5123,0.0472,1886
LC001629,2024-05-01,2024,5,30000,60,8.49,B,Home Improvement,RENT,7 years,39131,17.53,7.68,5.2,0,9,0,Fully Paid,DTI < 20% (Low),Grade A/B (Prime),0,0,0,0.7667,0.0824,2472
LC001630,2024-08-01,2024,8,10000,36,16.94,D,Education,MORTGAGE,9 years,19050,27.87,44.96,10.0,0,7,1,Charged Off,DTI 20-30% (Moderate),Grade C/D (High),0,0,0,0.5249,0.2195,2195
LC001631,2019-12-01,2019,12,20000,36,22.44,E,Home Improvement,MORTGAGE,2 years,49755,37.33,53.97,20.8,0,7,0,Fully Paid,DTI 30-43% (High),Grade E/F (Critical),0,0,0,0.402,0.3523,7045
LC001632,2020-01-01,2020,1,10000,60,13.27,C,Medical,RENT,5 years,47439,26.0,87.06,28.9,1,7,1,Charged Off,DTI 20-30% (Moderate),Grade C/D (High),1,0,0,0.2108,0.2131,2131
LC001633,2019-01-01,2019,1,15000,60,12.47,C,Education,RENT,4 years,44359,17.44,42.19,19.0,0,8,1,Charged Off,DTI < 20% (Low),Grade C/D (High),0,0,0,0.3382,0.103,1545
LC001634,2023-10-01,2023,10,30000,60,6.61,A,Auto,MORTGAGE,1 year,51158,40.36,34.41,8.8,0,9,0,Fully Paid,DTI 30-43% (High),Grade A/B (Prime),0,0,0,0.5864,0.117,3511
LC001635,2023-04-01,2023,4,30000,36,12.61,C,Debt Consolidation,MORTGAGE,6 years,61829,30.38,36.45,25.5,0,8,0,Fully Paid,DTI 30-43% (High),Grade C/D (High),0,0,0,0.4852,0.1445,4336
LC001636,2021-10-01,2021,10,10000,60,12.81,C,Home Improvement,OWN,10+ years,50259,21.41,13.39,12.4,0,13,0,Fully Paid,DTI 20-30% (Moderate),Grade C/D (High),0,0,0,0.199,0.1164,1164
LC001637,2024-03-01,2024,3,35000,36,8.94,B,Debt Consolidation,MORTGAGE,< 1 year,28796,27.35,59.13,15.9,1,9,0,Fully Paid,DTI 20-30% (Moderate),Grade A/B (Prime),0,0,0,1.2154,0.1127,3943
LC001638,2022-05-01,2022,5,20000,36,9.07,B,Vacation,OWN,3 years,69085,39.23,33.64,19.0,0,11,0,Fully Paid,DTI 30-43% (High),Grade A/B (Prime),0,0,0,0.2895,0.1299,2598
LC001639,2024-11-01,2024,11,15000,60,9.37,B,Auto,MORTGAGE,2 years,20441,13.71,21.94,18.8,1,10,0,Fully Paid,DTI < 20% (Low),Grade A/B (Prime),0,0,0,0.7338,0.065,975
LC001640,2019-10-01,2019,10,20000,36,5.61,A,Small Business,RENT,2 years,19435,39.67,26.3,26.4,0,6,0,Fully Paid,DTI 30-43% (High),Grade A/B (Prime),0,0,0,1.0291,0.0957,1914
LC001641,2019-08-01,2019,8,20000,60,8.39,B,Education,RENT,10+ years,78401,30.74,30.3,18.0,0,4,1,Charged Off,DTI 30-43% (High),Grade A/B (Prime),0,0,0,0.2551,0.096,1919
LC001642,2021-01-01,2021,1,20000,36,8.09,B,Small Business,MORTGAGE,5 years,69808,6.97,89.68,8.5,0,8,0,Fully Paid,DTI < 20% (Low),Grade A/B (Prime),1,0,0,0.2865,0.1519,3037
LC001643,2019-05-01,2019,5,20000,36,7.92,B,Small Business,MORTGAGE,5 years,52644,18.66,57.01,22.1,0,10,0,Fully Paid,DTI < 20% (Low),Grade A/B (Prime),0,0,0,0.3799,0.067,1340
LC001644,2023-05-01,2023,5,20000,60,5.43,A,Debt Consolidation,RENT,9 years,26964,37.61,13.16,20.2,1,4,0,Fully Paid,DTI 30-43% (High),Grade A/B (Prime),0,0,0,0.7417,0.0994,1989
LC001645,2019-02-01,2019,2,10000,60,21.53,E,Education,RENT,2 years,38027,36.49,45.32,5.7,0,11,0,Fully Paid,DTI 30-43% (High),Grade E/F (Critical),0,0,0,0.263,0.3689,3689
LC001646,2023-05-01,2023,5,30000,36,12.09,C,Debt Consolidation,OWN,6 years,47507,40.46,50.91,12.2,1,11,0,Fully Paid,DTI 30-43% (High),Grade C/D (High),0,0,0,0.6315,0.2071,6212
LC001647,2019-08-01,2019,8,20000,36,17.21,D,Education,MORTGAGE,5 years,24393,23.12,38.71,10.7,0,6,1,Charged Off,DTI 20-30% (Moderate),Grade C/D (High),0,0,0,0.8199,0.1984,3968
LC001648,2020-10-01,2020,10,10000,60,21.43,E,Education,RENT,7 years,37440,44.25,61.11,8.4,0,5,0,Fully Paid,DTI > 43% (Very High),Grade E/F (Critical),0,0,1,0.2671,0.414,4140
LC001649,2024-07-01,2024,7,25000,36,11.23,C,Medical,MORTGAGE,10+ years,75069,47.39,52.47,15.1,0,12,0,Fully Paid,DTI > 43% (Very High),Grade C/D (High),0,0,1,0.333,0.2175,5438
LC001650,2024-12-01,2024,12,35000,36,6.92,A,Debt Consolidation,RENT,9 years,110597,40.65,9.38,15.3,0,8,0,Fully Paid,DTI 30-43% (High),Grade A/B (Prime),0,0,0,0.3165,0.0996,3486
LC001651,2021-02-01,2021,2,35000,60,13.45,C,Home Improvement,RENT,5 years,43927,39.27,51.02,11.0,0,10,0,Fully Paid,DTI 30-43% (High),Grade C/D (High),0,0,0,0.7968,0.1941,6794
LC001652,2024-06-01,2024,6,15000,36,12.0,C,Debt Consolidation,RENT,10+ years,79082,14.95,18.75,21.9,0,6,0,Fully Paid,DTI < 20% (Low),Grade C/D (High),0,0,0,0.1897,0.103,1545
LC001653,2023-10-01,2023,10,10000,60,17.14,D,Home Improvement,RENT,2 years,20805,40.67,30.54,9.6,0,6,0,Fully Paid,DTI 30-43% (High),Grade C/D (High),0,0,0,0.4806,0.2719,2719
LC001654,2021-11-01,2021,11,20000,60,12.11,C,Debt Consolidation,MORTGAGE,< 1 year,75337,26.11,26.82,11.0,0,10,0,Fully Paid,DTI 20-30% (Moderate),Grade C/D (High),0,0,0,0.2655,0.1394,2789
LC001655,2024-11-01,2024,11,5000,60,6.48,A,Auto,RENT,2 years,36244,29.46,27.95,12.5,1,5,0,Fully Paid,DTI 20-30% (Moderate),Grade A/B (Prime),0,0,0,0.138,0.0743,372
LC001656,2021-01-01,2021,1,35000,36,8.19,B,Small Business,MORTGAGE,4 years,63176,29.09,22.23,18.5,0,9,0,Fully Paid,DTI 20-30% (Moderate),Grade A/B (Prime),0,0,0,0.554,0.0894,3128
LC001657,2021-10-01,2021,10,10000,60,7.77,B,Home Improvement,OWN,6 years,47864,14.48,21.89,22.7,0,10,0,Fully Paid,DTI < 20% (Low),Grade A/B (Prime),0,0,0,0.2089,0.053,530
LC001658,2023-10-01,2023,10,10000,36,16.49,D,Home Improvement,RENT,7 years,104842,17.54,81.22,8.5,0,13,0,Fully Paid,DTI < 20% (Low),Grade C/D (High),1,0,0,0.0954,0.2549,2549
LC001659,2021-03-01,2021,3,15000,36,12.7,C,Home Improvement,MORTGAGE,10+ years,34989,41.24,51.14,16.9,0,4,0,Fully Paid,DTI 30-43% (High),Grade C/D (High),0,0,0,0.4287,0.1902,2854
LC001660,2020-11-01,2020,11,15000,36,8.88,B,Small Business,MORTGAGE,6 years,74147,13.54,68.24,18.9,0,6,0,Fully Paid,DTI < 20% (Low),Grade A/B (Prime),0,0,0,0.2023,0.0895,1342
LC001661,2019-11-01,2019,11,30000,36,25.85,F,Small Business,OWN,6 years,47110,38.71,52.91,22.0,1,9,0,Fully Paid,DTI 30-43% (High),Grade E/F (Critical),0,0,0,0.6368,0.4657,13970
LC001662,2023-06-01,2023,6,15000,36,16.48,D,Auto,RENT,< 1 year,50053,31.11,33.19,11.8,0,9,0,Fully Paid,DTI 30-43% (High),Grade C/D (High),0,0,0,0.2997,0.227,3406
LC001663,2023-09-01,2023,9,10000,36,9.42,B,Small Business,MORTGAGE,< 1 year,49418,20.08,25.52,13.2,2,9,0,Fully Paid,DTI 20-30% (Moderate),Grade A/B (Prime),0,0,0,0.2024,0.0827,827
LC001664,2021-01-01,2021,1,10000,36,6.36,A,Vacation,MORTGAGE,6 years,35496,32.76,72.21,11.6,0,6,0,Fully Paid,DTI 30-43% (High),Grade A/B (Prime),0,0,0,0.2817,0.1227,1227
LC001665,2024-12-01,2024,12,20000,36,6.55,A,Auto,RENT,5 years,53796,20.05,56.1,12.6,0,5,0,Fully Paid,DTI 20-30% (Moderate),Grade A/B (Prime),0,0,0,0.3718,0.0366,732
LC001666,2021-06-01,2021,6,10000,60,8.66,B,Debt Consolidation,RENT,10+ years,52506,20.65,93.03,10.5,0,10,0,Fully Paid,DTI 20-30% (Moderate),Grade A/B (Prime),1,0,0,0.1905,0.1552,1552
LC001667,2023-02-01,2023,2,20000,36,7.34,A,Auto,MORTGAGE,2 years,61122,28.16,15.86,14.5,0,11,0,Fully Paid,DTI 20-30% (Moderate),Grade A/B (Prime),0,0,0,0.3272,0.0511,1023
LC001668,2024-09-01,2024,9,20000,60,8.26,B,Debt Consolidation,MORTGAGE,< 1 year,56515,26.89,3.07,4.3,0,9,1,Charged Off,DTI 20-30% (Moderate),Grade A/B (Prime),0,0,0,0.3539,0.1127,2253
LC001669,2024-02-01,2024,2,25000,36,9.59,B,Education,RENT,5 years,80741,27.39,41.43,9.3,1,10,0,Fully Paid,DTI 20-30% (Moderate),Grade A/B (Prime),0,0,0,0.3096,0.1117,2792
LC001670,2022-12-01,2022,12,35000,60,7.35,A,Home Improvement,MORTGAGE,2 years,85970,31.76,50.3,11.1,2,5,0,Fully Paid,DTI 30-43% (High),Grade A/B (Prime),0,0,0,0.4071,0.1003,3512
LC001671,2023-03-01,2023,3,35000,36,21.78,E,Auto,RENT,< 1 year,32038,29.75,68.73,15.2,1,8,1,Charged Off,DTI 20-30% (Moderate),Grade E/F (Critical),0,0,0,1.0924,0.3635,12721
LC001672,2021-12-01,2021,12,35000,60,6.24,A,Auto,MORTGAGE,9 years,83649,25.05,33.84,19.3,0,6,0,Fully Paid,DTI 20-30% (Moderate),Grade A/B (Prime),0,0,0,0.4184,0.0372,1302
LC001673,2023-02-01,2023,2,10000,36,12.38,C,Education,RENT,1 year,29936,27.82,37.48,24.5,1,9,0,Fully Paid,DTI 20-30% (Moderate),Grade C/D (High),0,0,0,0.334,0.1463,1463
LC001674,2020-11-01,2020,11,10000,60,13.63,C,Education,OWN,7 years,72688,10.82,36.88,12.6,0,11,0,Fully Paid,DTI < 20% (Low),Grade C/D (High),0,0,0,0.1376,0.1102,1102
LC001675,2022-04-01,2022,4,15000,36,25.66,F,Home Improvement,RENT,3 years,73856,34.25,26.89,21.8,1,5,1,Charged Off,DTI 30-43% (High),Grade E/F (Critical),0,0,0,0.2031,0.442,6630
LC001676,2020-04-01,2020,4,35000,60,5.62,A,Debt Consolidation,RENT,2 years,20834,33.15,56.2,13.0,0,11,0,Fully Paid,DTI 30-43% (High),Grade A/B (Prime),0,0,0,1.6799,0.088,3080
LC001677,2019-10-01,2019,10,40000,60,8.88,B,Home Improvement,RENT,4 years,56754,33.23,34.8,28.8,0,11,0,Fully Paid,DTI 30-43% (High),Grade A/B (Prime),0,0,0,0.7048,0.1059,4237
LC001678,2022-01-01,2022,1,30000,36,27.79,F,Debt Consolidation,RENT,10+ years,42862,20.91,70.42,13.4,0,8,0,Fully Paid,DTI 20-30% (Moderate),Grade E/F (Critical),0,0,0,0.6999,0.4223,12668
LC001679,2024-08-01,2024,8,5000,36,21.7,E,Medical,MORTGAGE,5 years,37072,30.5,24.14,22.8,2,5,1,Charged Off,DTI 30-43% (High),Grade E/F (Critical),0,0,0,0.1349,0.341,1705
LC001680,2019-05-01,2019,5,35000,60,20.63,E,Home Improvement,RENT,9 years,106450,40.68,30.08,11.1,0,10,0,Fully Paid,DTI 30-43% (High),Grade E/F (Critical),0,0,0,0.3288,0.3694,12930
LC001681,2020-12-01,2020,12,15000,36,8.95,B,Vacation,MORTGAGE,1 year,39072,26.33,30.63,10.4,0,6,0,Fully Paid,DTI 20-30% (Moderate),Grade A/B (Prime),0,0,0,0.3839,0.0921,1382
LC001682,2022-08-01,2022,8,5000,36,5.91,A,Medical,RENT,9 years,36200,31.87,28.65,9.5,0,7,0,Fully Paid,DTI 30-43% (High),Grade A/B (Prime),0,0,0,0.1381,0.081,405
LC001683,2023-06-01,2023,6,15000,60,16.23,D,Education,RENT,2 years,56266,34.26,51.38,9.2,0,5,0,Fully Paid,DTI 30-43% (High),Grade C/D (High),0,0,0,0.2666,0.2502,3753
LC001684,2020-02-01,2020,2,5000,36,27.58,F,Debt Consolidation,RENT,8 years,76328,36.62,33.82,22.2,0,7,0,Fully Paid,DTI 30-43% (High),Grade E/F (Critical),0,0,0,0.0655,0.4395,2197
LC001685,2019-07-01,2019,7,20000,60,11.7,C,Auto,RENT,7 years,50472,24.33,21.79,19.0,0,10,0,Fully Paid,DTI 20-30% (Moderate),Grade C/D (High),0,0,0,0.3963,0.1203,2406
LC001686,2022-10-01,2022,10,15000,36,14.09,C,Auto,RENT,10+ years,97070,36.17,42.54,4.7,1,12,0,Fully Paid,DTI 30-43% (High),Grade C/D (High),0,0,0,0.1545,0.2106,3159
LC001687,2024-09-01,2024,9,20000,36,9.86,B,Small Business,RENT,4 years,70650,28.93,43.19,7.6,0,8,1,Charged Off,DTI 20-30% (Moderate),Grade A/B (Prime),0,0,0,0.2831,0.1109,2218
LC001688,2019-07-01,2019,7,20000,36,17.67,D,Small Business,MORTGAGE,< 1 year,18231,39.29,55.91,11.0,0,6,0,Fully Paid,DTI 30-43% (High),Grade C/D (High),0,0,0,1.097,0.274,5480
LC001689,2021-11-01,2021,11,30000,60,8.83,B,Education,RENT,< 1 year,41576,36.18,59.33,7.3,2,10,0,Fully Paid,DTI 30-43% (High),Grade A/B (Prime),0,0,0,0.7216,0.1835,5504
LC001690,2023-05-01,2023,5,25000,60,9.08,B,Debt Consolidation,MORTGAGE,10+ years,40908,15.13,83.41,24.9,0,5,0,Fully Paid,DTI < 20% (Low),Grade A/B (Prime),1,0,0,0.6111,0.1198,2996
LC001691,2020-04-01,2020,4,15000,36,11.65,C,Small Business,MORTGAGE,6 years,68850,38.44,12.41,13.1,0,2,0,Fully Paid,DTI 30-43% (High),Grade C/D (High),0,0,0,0.2179,0.1825,2737
LC001692,2020-11-01,2020,11,30000,36,12.38,C,Home Improvement,RENT,9 years,18000,35.69,50.91,17.0,0,5,0,Fully Paid,DTI 30-43% (High),Grade C/D (High),0,0,0,1.6667,0.1676,5027
LC001693,2022-08-01,2022,8,35000,36,9.59,B,Debt Consolidation,MORTGAGE,2 years,193785,13.38,13.41,18.4,0,5,0,Fully Paid,DTI < 20% (Low),Grade A/B (Prime),0,0,0,0.1806,0.053,1855
LC001694,2024-06-01,2024,6,5000,60,7.44,A,Home Improvement,OWN,4 years,70651,17.14,14.1,8.9,0,12,0,Fully Paid,DTI < 20% (Low),Grade A/B (Prime),0,0,0,0.0708,0.0353,176
LC001695,2021-05-01,2021,5,20000,36,15.91,D,Debt Consolidation,MORTGAGE,< 1 year,58363,17.05,23.11,8.9,1,15,0,Fully Paid,DTI < 20% (Low),Grade C/D (High),0,0,0,0.3427,0.2033,4066
LC001696,2022-07-01,2022,7,10000,36,8.91,B,Debt Consolidation,MORTGAGE,10+ years,97810,29.34,5.46,8.5,0,9,0,Fully Paid,DTI 20-30% (Moderate),Grade A/B (Prime),0,0,0,0.1022,0.1099,1099
LC001697,2021-11-01,2021,11,5000,36,12.68,C,Debt Consolidation,RENT,8 years,174875,21.3,26.61,16.5,0,7,0,Fully Paid,DTI 20-30% (Moderate),Grade C/D (High),0,0,0,0.0286,0.1082,541
LC001698,2024-03-01,2024,3,25000,36,5.28,A,Vacation,MORTGAGE,10+ years,83732,19.33,46.76,6.6,0,9,0,Fully Paid,DTI < 20% (Low),Grade A/B (Prime),0,0,0,0.2986,0.0422,1055
LC001699,2019-09-01,2019,9,30000,36,13.27,C,Small Business,MORTGAGE,3 years,87065,22.61,15.87,24.5,0,11,0,Fully Paid,DTI 20-30% (Moderate),Grade C/D (High),0,0,0,0.3446,0.1134,3403
LC001700,2022-04-01,2022,4,10000,36,12.22,C,Vacation,MORTGAGE,7 years,57835,32.96,64.43,7.8,0,6,0,Fully Paid,DTI 30-43% (High),Grade C/D (High),0,0,0,0.1729,0.2053,2053
LC001701,2024-12-01,2024,12,30000,60,6.24,A,Home Improvement,OWN,8 years,50475,18.86,20.66,7.4,0,7,0,Fully Paid,DTI < 20% (Low),Grade A/B (Prime),0,0,0,0.5944,0.0398,1194
LC001702,2024-04-01,2024,4,30000,60,8.84,B,Home Improvement,RENT,3 years,42706,19.72,3.58,20.7,1,5,0,Fully Paid,DTI < 20% (Low),Grade A/B (Prime),0,0,0,0.7025,0.065,1950
LC001703,2023-08-01,2023,8,35000,60,5.77,A,Small Business,RENT,10+ years,35844,34.79,13.93,25.1,1,11,0,Fully Paid,DTI 30-43% (High),Grade A/B (Prime),0,0,0,0.9764,0.0882,3086
LC001704,2021-06-01,2021,6,10000,36,6.39,A,Home Improvement,MORTGAGE,10+ years,38426,35.63,14.71,28.7,1,5,0,Fully Paid,DTI 30-43% (High),Grade A/B (Prime),0,0,0,0.2602,0.0915,915
LC001705,2021-11-01,2021,11,35000,36,26.63,F,Debt Consolidation,MORTGAGE,10+ years,27577,38.75,61.7,21.2,0,7,1,Charged Off,DTI 30-43% (High),Grade E/F (Critical),0,0,0,1.2692,0.4714,16499
LC001706,2021-01-01,2021,1,15000,36,8.9,B,Medical,RENT,9 years,52160,42.38,50.41,3.9,0,9,0,Fully Paid,DTI 30-43% (High),Grade A/B (Prime),0,0,0,0.2876,0.1766,2650
LC001707,2023-02-01,2023,2,20000,60,20.82,E,Debt Consolidation,RENT,3 years,23334,14.1,31.15,18.6,0,7,0,Fully Paid,DTI < 20% (Low),Grade E/F (Critical),0,0,0,0.8571,0.275,5500
LC001708,2023-09-01,2023,9,5000,36,9.46,B,Small Business,RENT,3 years,59603,28.98,47.69,9.7,1,6,0,Fully Paid,DTI 20-30% (Moderate),Grade A/B (Prime),0,0,0,0.0839,0.1168,584
LC001709,2024-06-01,2024,6,5000,60,18.12,D,Medical,RENT,10+ years,53201,11.31,66.22,17.6,1,10,0,Fully Paid,DTI < 20% (Low),Grade C/D (High),0,0,0,0.094,0.2174,1087
LC001710,2021-07-01,2021,7,25000,36,16.91,D,Debt Consolidation,MORTGAGE,< 1 year,58306,28.57,41.51,8.5,0,1,0,Fully Paid,DTI 20-30% (Moderate),Grade C/D (High),0,0,0,0.4288,0.2268,5670
LC001711,2023-11-01,2023,11,15000,60,13.6,C,Debt Consolidation,MORTGAGE,8 years,41728,42.14,43.68,13.3,1,10,0,Fully Paid,DTI 30-43% (High),Grade C/D (High),0,0,0,0.3595,0.2087,3130
LC001712,2024-09-01,2024,9,10000,60,11.69,C,Education,RENT,8 years,252314,15.38,66.06,22.0,1,8,0,Fully Paid,DTI < 20% (Low),Grade C/D (High),0,0,0,0.0396,0.1471,1471
LC001713,2024-03-01,2024,3,10000,36,12.93,C,Home Improvement,RENT,7 years,106944,40.89,18.74,11.2,1,10,0,Fully Paid,DTI 30-43% (High),Grade C/D (High),0,0,0,0.0935,0.21,2100
LC001714,2023-05-01,2023,5,25000,60,8.32,B,Debt Consolidation,RENT,10+ years,29078,46.09,10.39,15.8,1,5,1,Charged Off,DTI > 43% (Very High),Grade A/B (Prime),0,0,1,0.8598,0.1694,4234
LC001715,2023-05-01,2023,5,5000,60,25.62,F,Vacation,RENT,3 years,60866,16.31,38.28,14.3,0,9,0,Fully Paid,DTI < 20% (Low),Grade E/F (Critical),0,0,0,0.0821,0.3751,1876
LC001716,2022-10-01,2022,10,30000,60,20.81,E,Debt Consolidation,MORTGAGE,4 years,39974,28.98,40.99,11.3,2,11,1,Charged Off,DTI 20-30% (Moderate),Grade E/F (Critical),0,0,0,0.7505,0.346,10381
LC001717,2020-07-01,2020,7,5000,60,27.75,F,Medical,OWN,< 1 year,32623,30.21,16.69,21.4,0,6,0,Fully Paid,DTI 30-43% (High),Grade E/F (Critical),0,0,0,0.1533,0.4138,2069
LC001718,2020-02-01,2020,2,10000,36,7.16,A,Vacation,MORTGAGE,5 years,27722,47.9,69.1,13.5,0,4,0,Fully Paid,DTI > 43% (Very High),Grade A/B (Prime),0,0,1,0.3607,0.1713,1713
LC001719,2022-04-01,2022,4,15000,60,16.99,D,Debt Consolidation,RENT,3 years,67246,24.27,26.29,14.7,0,9,0,Fully Paid,DTI 20-30% (Moderate),Grade C/D (High),0,0,0,0.2231,0.191,2865
LC001720,2020-11-01,2020,11,20000,60,25.57,F,Debt Consolidation,OWN,4 years,38535,11.88,22.35,14.5,0,3,1,Charged Off,DTI < 20% (Low),Grade E/F (Critical),0,0,0,0.519,0.3745,7490
LC001721,2022-04-01,2022,4,15000,36,9.04,B,Debt Consolidation,MORTGAGE,10+ years,87896,36.46,46.43,17.5,0,1,0,Fully Paid,DTI 30-43% (High),Grade A/B (Prime),0,0,0,0.1707,0.1188,1783
LC001722,2023-12-01,2023,12,15000,36,6.64,A,Home Improvement,MORTGAGE,10+ years,89044,35.73,26.72,8.2,0,10,0,Fully Paid,DTI 30-43% (High),Grade A/B (Prime),0,0,0,0.1685,0.1003,1505
LC001723,2022-08-01,2022,8,40000,36,16.94,D,Debt Consolidation,MORTGAGE,2 years,107684,43.13,5.18,19.0,0,7,0,Fully Paid,DTI > 43% (Very High),Grade C/D (High),0,0,1,0.3715,0.2655,10621
LC001724,2019-10-01,2019,10,25000,36,11.32,C,Medical,RENT,4 years,35377,21.67,41.33,6.6,0,10,0,Fully Paid,DTI 20-30% (Moderate),Grade C/D (High),0,0,0,0.7067,0.1349,3372
LC001725,2019-03-01,2019,3,5000,60,20.69,E,Debt Consolidation,RENT,10+ years,68712,22.06,22.28,6.6,0,6,0,Fully Paid,DTI 20-30% (Moderate),Grade E/F (Critical),0,0,0,0.0728,0.3084,1542
LC001726,2019-02-01,2019,2,15000,36,6.35,A,Small Business,RENT,< 1 year,74327,40.59,43.21,19.6,1,10,0,Fully Paid,DTI 30-43% (High),Grade A/B (Prime),0,0,0,0.2018,0.1114,1670
LC001727,2020-09-01,2020,9,35000,36,21.83,E,Vacation,RENT,1 year,42741,17.96,28.33,20.3,0,5,0,Fully Paid,DTI < 20% (Low),Grade E/F (Critical),0,0,0,0.8189,0.275,9625
LC001728,2024-12-01,2024,12,15000,36,7.44,B,Education,RENT,2 years,36832,28.66,38.03,8.6,0,11,0,Fully Paid,DTI 20-30% (Moderate),Grade A/B (Prime),0,0,0,0.4073,0.1068,1603
LC001729,2021-11-01,2021,11,5000,36,6.27,A,Small Business,MORTGAGE,7 years,121147,25.03,27.71,33.7,0,7,0,Fully Paid,DTI 20-30% (Moderate),Grade A/B (Prime),0,0,0,0.0413,0.0371,186
LC001730,2021-04-01,2021,4,25000,36,6.51,A,Home Improvement,MORTGAGE,2 years,60703,19.2,52.75,19.9,0,9,0,Fully Paid,DTI < 20% (Low),Grade A/B (Prime),0,0,0,0.4118,0.0225,563
LC001731,2019-09-01,2019,9,20000,36,22.08,E,Small Business,MORTGAGE,10+ years,74458,25.47,6.05,8.7,0,8,1,Charged Off,DTI 20-30% (Moderate),Grade E/F (Critical),0,0,0,0.2686,0.3158,6316
LC001732,2023-06-01,2023,6,20000,36,17.35,D,Small Business,RENT,5 years,35917,15.66,19.61,7.0,0,7,0,Fully Paid,DTI < 20% (Low),Grade C/D (High),0,0,0,0.5568,0.197,3940
LC001733,2023-01-01,2023,1,5000,60,13.27,C,Home Improvement,OWN,6 years,29447,44.7,29.95,12.4,0,4,0,Fully Paid,DTI > 43% (Very High),Grade C/D (High),0,0,1,0.1698,0.2096,1048
LC001734,2020-11-01,2020,11,10000,36,8.56,B,Debt Consolidation,OWN,3 years,40753,26.23,43.0,30.6,1,10,0,Fully Paid,DTI 20-30% (Moderate),Grade A/B (Prime),0,0,0,0.2454,0.0899,899
LC001735,2024-03-01,2024,3,20000,36,19.87,E,Auto,MORTGAGE,5 years,50919,24.66,20.74,19.0,1,9,1,Charged Off,DTI 20-30% (Moderate),Grade E/F (Critical),0,0,0,0.3928,0.3056,6113
LC001736,2024-07-01,2024,7,10000,36,8.89,B,Home Improvement,OWN,8 years,31821,14.74,37.7,10.7,0,8,0,Fully Paid,DTI < 20% (Low),Grade A/B (Prime),0,0,0,0.3143,0.0659,659
LC001737,2020-09-01,2020,9,20000,36,22.2,E,Debt Consolidation,MORTGAGE,9 years,53910,28.11,34.12,10.3,0,10,1,Charged Off,DTI 20-30% (Moderate),Grade E/F (Critical),0,0,0,0.371,0.3215,6431
LC001738,2022-08-01,2022,8,20000,36,13.91,C,Home Improvement,OWN,9 years,23289,15.27,60.29,8.1,0,8,0,Fully Paid,DTI < 20% (Low),Grade C/D (High),0,0,0,0.8588,0.1443,2886
LC001739,2022-12-01,2022,12,10000,36,9.77,B,Home Improvement,RENT,7 years,30945,14.82,47.86,14.0,0,17,0,Fully Paid,DTI < 20% (Low),Grade A/B (Prime),0,0,0,0.3232,0.056,560
LC001740,2021-05-01,2021,5,35000,36,13.14,C,Education,RENT,10+ years,75770,19.02,59.03,12.0,0,14,0,Fully Paid,DTI < 20% (Low),Grade C/D (High),0,0,0,0.4619,0.1301,4552
LC001741,2024-12-01,2024,12,30000,36,9.5,B,Medical,RENT,10+ years,73269,10.9,22.98,8.6,0,11,0,Fully Paid,DTI < 20% (Low),Grade A/B (Prime),0,0,0,0.4094,0.0722,2166
LC001742,2019-08-01,2019,8,25000,36,16.36,D,Education,RENT,9 years,44536,15.14,16.89,12.3,0,10,0,Fully Paid,DTI < 20% (Low),Grade C/D (High),0,0,0,0.5613,0.1811,4528
LC001743,2021-02-01,2021,2,5000,60,12.7,C,Debt Consolidation,RENT,< 1 year,32569,28.0,50.82,9.2,0,14,0,Fully Paid,DTI 20-30% (Moderate),Grade C/D (High),0,0,0,0.1535,0.154,770
LC001744,2022-03-01,2022,3,5000,36,10.54,B,Home Improvement,MORTGAGE,< 1 year,32412,26.22,10.55,12.6,0,6,0,Fully Paid,DTI 20-30% (Moderate),Grade A/B (Prime),0,0,0,0.1543,0.0851,425
LC001745,2022-08-01,2022,8,20000,60,20.65,E,Small Business,MORTGAGE,2 years,44953,16.73,17.81,23.1,0,10,0,Fully Paid,DTI < 20% (Low),Grade E/F (Critical),0,0,0,0.4449,0.275,5500
LC001746,2024-09-01,2024,9,10000,60,10.49,B,Debt Consolidation,MORTGAGE,8 years,74777,31.3,31.08,27.7,0,7,0,Fully Paid,DTI 30-43% (High),Grade A/B (Prime),0,0,0,0.1337,0.0982,982
LC001747,2020-10-01,2020,10,40000,60,12.54,C,Debt Consolidation,RENT,5 years,86174,33.87,23.79,30.4,1,5,0,Fully Paid,DTI 30-43% (High),Grade C/D (High),0,0,0,0.4642,0.1705,6819
LC001748,2019-08-01,2019,8,10000,36,27.86,F,Education,MORTGAGE,5 years,42266,35.0,63.32,25.0,0,4,1,Charged Off,DTI 30-43% (High),Grade E/F (Critical),0,0,0,0.2366,0.4596,4596
LC001749,2023-04-01,2023,4,20000,60,15.67,D,Debt Consolidation,MORTGAGE,10+ years,30432,39.07,51.67,15.6,0,9,0,Fully Paid,DTI 30-43% (High),Grade C/D (High),0,0,0,0.6572,0.2526,5052
LC001750,2020-06-01,2020,6,15000,36,6.87,A,Small Business,RENT,10+ years,61940,22.64,21.59,27.5,0,2,0,Fully Paid,DTI 20-30% (Moderate),Grade A/B (Prime),0,0,0,0.2422,0.0276,413
LC001751,2019-11-01,2019,11,25000,36,26.21,F,Debt Consolidation,MORTGAGE,10+ years,35891,19.04,75.85,21.8,1,5,1,Charged Off,DTI < 20% (Low),Grade E/F (Critical),1,0,0,0.6966,0.4367,10918
LC001752,2022-05-01,2022,5,10000,36,15.67,D,Debt Consolidation,RENT,3 years,41809,24.93,45.82,9.8,0,6,0,Fully Paid,DTI 20-30% (Moderate),Grade C/D (High),0,0,0,0.2392,0.2083,2083
LC001753,2020-12-01,2020,12,15000,60,9.37,B,Debt Consolidation,RENT,8 years,105097,28.75,15.18,14.2,1,7,0,Fully Paid,DTI 20-30% (Moderate),Grade A/B (Prime),0,0,0,0.1427,0.1024,1536
LC001754,2021-04-01,2021,4,10000,36,7.21,A,Vacation,OWN,3 years,81925,34.97,18.48,7.6,0,4,0,Fully Paid,DTI 30-43% (High),Grade A/B (Prime),0,0,0,0.1221,0.0991,991
LC001755,2020-09-01,2020,9,35000,60,20.72,E,Education,RENT,2 years,58629,11.87,63.51,16.7,1,5,0,Fully Paid,DTI < 20% (Low),Grade E/F (Critical),0,0,0,0.597,0.314,10991
LC001756,2019-10-01,2019,10,5000,36,15.6,D,Vacation,MORTGAGE,2 years,28682,32.2,41.11,9.5,0,8,0,Fully Paid,DTI 30-43% (High),Grade C/D (High),0,0,0,0.1743,0.2383,1192
LC001757,2022-03-01,2022,3,35000,60,12.73,C,Small Business,OWN,4 years,60216,22.25,39.23,28.4,0,4,0,Fully Paid,DTI 20-30% (Moderate),Grade C/D (High),0,0,0,0.5812,0.112,3920
LC001758,2019-01-01,2019,1,30000,60,21.33,E,Debt Consolidation,MORTGAGE,5 years,92164,23.98,22.47,7.3,1,5,0,Fully Paid,DTI 20-30% (Moderate),Grade E/F (Critical),0,0,0,0.3255,0.326,9781
LC001759,2024-07-01,2024,7,10000,60,21.84,E,Small Business,RENT,10+ years,44900,26.91,57.09,9.1,0,7,0,Fully Paid,DTI 20-30% (Moderate),Grade E/F (Critical),0,0,0,0.2227,0.3345,3345
LC001760,2021-10-01,2021,10,30000,36,7.16,A,Home Improvement,RENT,1 year,106463,18.45,7.72,14.5,0,11,0,Fully Paid,DTI < 20% (Low),Grade A/B (Prime),0,0,0,0.2818,0.02,600
LC001761,2023-08-01,2023,8,5000,60,9.15,B,Education,RENT,9 years,103401,27.43,20.7,20.9,1,11,0,Fully Paid,DTI 20-30% (Moderate),Grade A/B (Prime),0,0,0,0.0484,0.0947,474
LC001762,2024-11-01,2024,11,40000,60,10.68,B,Debt Consolidation,MORTGAGE,6 years,124476,30.18,22.74,13.4,1,3,0,Fully Paid,DTI 30-43% (High),Grade A/B (Prime),0,0,0,0.3213,0.1105,4421
LC001763,2021-03-01,2021,3,20000,36,16.98,D,Small Business,RENT,3 years,63109,29.37,14.65,25.6,0,10,0,Fully Paid,DTI 20-30% (Moderate),Grade C/D (High),0,0,0,0.3169,0.2105,4210
LC001764,2023-03-01,2023,3,15000,36,6.12,A,Debt Consolidation,RENT,6 years,72671,21.31,48.38,9.3,1,8,0,Fully Paid,DTI 20-30% (Moderate),Grade A/B (Prime),0,0,0,0.2064,0.0513,770
LC001765,2024-06-01,2024,6,15000,60,11.51,C,Home Improvement,OWN,3 years,109874,23.11,62.97,10.7,0,9,0,Fully Paid,DTI 20-30% (Moderate),Grade C/D (High),0,0,0,0.1365,0.1543,2314
LC001766,2020-02-01,2020,2,5000,36,16.59,D,Medical,MORTGAGE,7 years,67758,11.51,83.08,12.7,0,8,1,Charged Off,DTI < 20% (Low),Grade C/D (High),1,0,0,0.0738,0.2461,1230
LC001767,2024-06-01,2024,6,40000,60,21.13,E,Home Improvement,RENT,5 years,42167,17.59,14.14,13.4,1,4,0,Fully Paid,DTI < 20% (Low),Grade E/F (Critical),0,0,0,0.9486,0.2918,11672
LC001768,2019-05-01,2019,5,5000,36,9.97,B,Home Improvement,MORTGAGE,2 years,43292,14.26,43.13,15.6,0,5,0,Fully Paid,DTI < 20% (Low),Grade A/B (Prime),0,0,0,0.1155,0.053,265
LC001769,2020-07-01,2020,7,25000,36,21.77,E,Home Improvement,MORTGAGE,1 year,61040,34.77,33.3,14.6,0,8,0,Fully Paid,DTI 30-43% (High),Grade E/F (Critical),0,0,0,0.4096,0.3353,8382
LC001770,2023-09-01,2023,9,15000,36,5.46,A,Home Improvement,RENT,6 years,28416,19.83,46.09,6.8,1,8,0,Fully Paid,DTI < 20% (Low),Grade A/B (Prime),0,0,0,0.5279,0.0536,804
LC001771,2020-09-01,2020,9,35000,36,21.54,E,Education,RENT,10+ years,50431,27.38,55.3,12.5,1,10,0,Fully Paid,DTI 20-30% (Moderate),Grade E/F (Critical),0,0,0,0.694,0.3346,11712
LC001772,2023-01-01,2023,1,10000,36,6.94,A,Auto,MORTGAGE,4 years,93739,26.82,32.65,6.4,0,7,1,Charged Off,DTI 20-30% (Moderate),Grade A/B (Prime),0,0,0,0.1067,0.0701,701
LC001773,2024-07-01,2024,7,20000,60,10.42,B,Vacation,MORTGAGE,9 years,18113,23.55,77.21,7.4,0,6,0,Fully Paid,DTI 20-30% (Moderate),Grade A/B (Prime),1,0,0,1.1042,0.1444,2888
LC001774,2024-03-01,2024,3,20000,36,22.11,E,Education,MORTGAGE,8 years,116686,16.39,65.78,14.3,0,5,1,Charged Off,DTI < 20% (Low),Grade E/F (Critical),0,0,0,0.1714,0.3087,6173
LC001775,2022-04-01,2022,4,25000,60,7.01,A,Home Improvement,RENT,10+ years,94958,22.64,47.54,20.5,0,9,0,Fully Paid,DTI 20-30% (Moderate),Grade A/B (Prime),0,0,0,0.2633,0.0276,689
LC001776,2024-02-01,2024,2,5000,60,9.25,B,Medical,RENT,10+ years,43050,39.06,46.57,19.2,0,8,1,Charged Off,DTI 30-43% (High),Grade A/B (Prime),0,0,0,0.1161,0.1292,646
LC001777,2021-01-01,2021,1,10000,36,17.11,D,Home Improvement,RENT,7 years,71090,34.72,12.29,6.1,0,13,1,Charged Off,DTI 30-43% (High),Grade C/D (High),0,0,0,0.1407,0.2586,2586
LC001778,2020-10-01,2020,10,10000,36,17.8,D,Debt Consolidation,RENT,8 years,54262,41.35,14.37,22.4,0,7,1,Charged Off,DTI 30-43% (High),Grade C/D (High),0,0,0,0.1843,0.2584,2584
LC001779,2022-03-01,2022,3,25000,36,15.73,D,Education,RENT,10+ years,100207,43.62,15.48,22.6,0,8,0,Fully Paid,DTI > 43% (Very High),Grade C/D (High),0,0,1,0.2495,0.2675,6687
LC001780,2023-10-01,2023,10,10000,36,16.52,D,Debt Consolidation,RENT,5 years,88552,24.59,47.88,12.8,1,8,0,Fully Paid,DTI 20-30% (Moderate),Grade C/D (High),0,0,0,0.1129,0.21,2100
LC001781,2022-09-01,2022,9,20000,36,12.18,C,Auto,MORTGAGE,4 years,26902,37.33,56.15,14.1,0,6,0,Fully Paid,DTI 30-43% (High),Grade C/D (High),0,0,0,0.7434,0.1873,3746
LC001782,2022-01-01,2022,1,10000,36,9.5,B,Home Improvement,OWN,< 1 year,72666,22.84,15.05,23.2,0,12,0,Fully Paid,DTI 20-30% (Moderate),Grade A/B (Prime),0,0,0,0.1376,0.0644,644
LC001783,2021-03-01,2021,3,30000,60,10.18,B,Medical,MORTGAGE,10+ years,48883,27.86,34.71,28.2,1,9,0,Fully Paid,DTI 20-30% (Moderate),Grade A/B (Prime),0,0,0,0.6137,0.0964,2893
LC001784,2022-11-01,2022,11,35000,36,8.72,B,Medical,OWN,10+ years,56467,26.45,12.13,20.2,0,9,0,Fully Paid,DTI 20-30% (Moderate),Grade A/B (Prime),0,0,0,0.6198,0.0788,2758
LC001785,2024-05-01,2024,5,20000,36,24.89,F,Auto,RENT,1 year,37643,33.05,38.49,9.2,0,7,0,Fully Paid,DTI 30-43% (High),Grade E/F (Critical),0,0,0,0.5313,0.4426,8852
LC001786,2022-03-01,2022,3,15000,60,12.47,C,Medical,OWN,7 years,129841,38.54,35.95,16.1,0,10,0,Fully Paid,DTI 30-43% (High),Grade C/D (High),0,0,0,0.1155,0.1772,2657
LC001787,2020-04-01,2020,4,10000,60,13.53,C,Small Business,RENT,5 years,91129,25.66,46.15,16.3,1,10,1,Charged Off,DTI 20-30% (Moderate),Grade C/D (High),0,0,0,0.1097,0.1376,1376
LC001788,2023-04-01,2023,4,5000,60,13.23,C,Debt Consolidation,OWN,1 year,37426,27.58,48.05,17.6,0,8,0,Fully Paid,DTI 20-30% (Moderate),Grade C/D (High),0,0,0,0.1336,0.1333,667
LC001789,2021-01-01,2021,1,10000,60,27.14,F,Small Business,OWN,10+ years,27797,24.43,50.92,7.6,0,6,0,Fully Paid,DTI 20-30% (Moderate),Grade E/F (Critical),0,0,0,0.3597,0.4148,4148
LC001790,2024-06-01,2024,6,25000,36,6.18,A,Debt Consolidation,MORTGAGE,2 years,44675,27.36,28.93,14.2,0,10,0,Fully Paid,DTI 20-30% (Moderate),Grade A/B (Prime),0,0,0,0.5596,0.0488,1221
LC001791,2019-11-01,2019,11,20000,60,11.78,C,Medical,OWN,< 1 year,67323,28.53,54.86,9.7,0,7,0,Fully Paid,DTI 20-30% (Moderate),Grade C/D (High),0,0,0,0.2971,0.1627,3255
LC001792,2021-12-01,2021,12,35000,60,13.21,C,Small Business,MORTGAGE,7 years,61090,32.34,17.73,17.5,0,15,0,Fully Paid,DTI 30-43% (High),Grade C/D (High),0,0,0,0.5729,0.1524,5333
LC001793,2019-07-01,2019,7,15000,36,16.13,D,Medical,RENT,9 years,101373,18.19,31.24,8.0,0,5,0,Fully Paid,DTI < 20% (Low),Grade C/D (High),0,0,0,0.148,0.194,2910
LC001794,2019-12-01,2019,12,25000,36,8.15,A,Debt Consolidation,RENT,< 1 year,80415,19.26,31.1,13.2,1,10,0,Fully Paid,DTI < 20% (Low),Grade A/B (Prime),0,0,0,0.3109,0.0344,860
LC001795,2023-07-01,2023,7,20000,36,21.86,E,Debt Consolidation,MORTGAGE,8 years,87973,36.93,36.01,10.1,0,5,1,Charged Off,DTI 30-43% (High),Grade E/F (Critical),0,0,0,0.2273,0.3574,7148
LC001796,2021-06-01,2021,6,20000,36,26.34,F,Medical,RENT,6 years,63795,29.9,29.67,16.3,0,7,1,Charged Off,DTI 20-30% (Moderate),Grade E/F (Critical),0,0,0,0.3135,0.4126,8252
LC001797,2024-07-01,2024,7,10000,36,12.31,C,Debt Consolidation,MORTGAGE,1 year,27048,23.46,91.01,18.2,0,3,0,Fully Paid,DTI 20-30% (Moderate),Grade C/D (High),1,0,0,0.3697,0.1989,1989
LC001798,2022-03-01,2022,3,15000,60,16.73,D,Debt Consolidation,OWN,2 years,49126,45.3,30.69,9.2,0,6,0,Fully Paid,DTI > 43% (Very High),Grade C/D (High),0,0,1,0.3053,0.2916,4374
LC001799,2021-05-01,2021,5,20000,36,26.61,F,Debt Consolidation,RENT,7 years,92046,10.82,11.73,11.5,0,8,0,Fully Paid,DTI < 20% (Low),Grade E/F (Critical),0,0,0,0.2173,0.3835,7670
LC001800,2023-07-01,2023,7,25000,36,17.69,D,Vacation,MORTGAGE,3 years,52799,26.08,20.88,11.7,1,5,0,Fully Paid,DTI 20-30% (Moderate),Grade C/D (High),0,0,0,0.4735,0.2192,5480
LC001801,2023-10-01,2023,10,35000,36,6.55,A,Medical,OWN,10+ years,69671,25.06,23.89,18.8,1,4,0,Fully Paid,DTI 20-30% (Moderate),Grade A/B (Prime),0,0,0,0.5024,0.0492,1723
LC001802,2023-05-01,2023,5,15000,60,12.21,C,Home Improvement,OWN,10+ years,46195,36.68,38.38,20.0,0,8,0,Fully Paid,DTI 30-43% (High),Grade C/D (High),0,0,0,0.3247,0.1697,2546
LC001803,2023-10-01,2023,10,5000,36,18.31,D,Debt Consolidation,OWN,10+ years,32373,26.47,32.27,8.8,0,8,1,Charged Off,DTI 20-30% (Moderate),Grade C/D (High),0,0,0,0.1544,0.2175,1087
LC001804,2020-02-01,2020,2,20000,36,12.84,C,Home Improvement,MORTGAGE,3 years,50936,26.0,22.17,7.4,0,5,0,Fully Paid,DTI 20-30% (Moderate),Grade C/D (High),0,0,0,0.3926,0.1498,2996
LC001805,2023-06-01,2023,6,20000,60,17.42,D,Education,OWN,10+ years,63229,31.88,75.7,6.8,0,7,0,Fully Paid,DTI 30-43% (High),Grade C/D (High),1,0,0,0.3163,0.2965,5930
LC001806,2021-07-01,2021,7,10000,36,26.31,F,Medical,MORTGAGE,5 years,39033,15.87,23.74,22.7,1,8,0,Fully Paid,DTI < 20% (Low),Grade E/F (Critical),0,0,0,0.2562,0.385,3850
LC001807,2022-11-01,2022,11,25000,36,27.09,F,Debt Consolidation,RENT,4 years,48153,28.21,46.86,19.9,0,10,0,Fully Paid,DTI 20-30% (Moderate),Grade E/F (Critical),0,0,0,0.5192,0.4058,10146
LC001808,2024-02-01,2024,2,40000,36,13.05,C,Debt Consolidation,MORTGAGE,< 1 year,33869,27.71,43.93,14.4,0,7,0,Fully Paid,DTI 20-30% (Moderate),Grade C/D (High),0,0,0,1.181,0.1356,5426
LC001809,2021-10-01,2021,10,35000,60,4.89,A,Debt Consolidation,MORTGAGE,< 1 year,94809,39.76,42.78,25.1,2,7,0,Fully Paid,DTI 30-43% (High),Grade A/B (Prime),0,0,0,0.3692,0.12,4201
LC001810,2023-08-01,2023,8,10000,60,28.41,F,Medical,RENT,8 years,46759,49.12,33.62,11.1,0,2,1,Charged Off,DTI > 43% (Very High),Grade E/F (Critical),0,0,1,0.2139,0.5012,5012
LC001811,2021-05-01,2021,5,35000,36,22.43,E,Education,MORTGAGE,5 years,112014,39.32,34.87,12.6,0,8,0,Fully Paid,DTI 30-43% (High),Grade E/F (Critical),0,0,0,0.3125,0.3595,12582
LC001812,2019-11-01,2019,11,25000,36,6.08,A,Debt Consolidation,MORTGAGE,2 years,116352,23.8,62.37,19.4,0,8,1,Charged Off,DTI 20-30% (Moderate),Grade A/B (Prime),0,0,0,0.2149,0.0569,1424
LC001813,2022-08-01,2022,8,15000,60,25.92,F,Debt Consolidation,RENT,7 years,52025,18.34,27.87,8.5,0,8,0,Fully Paid,DTI < 20% (Low),Grade E/F (Critical),0,0,0,0.2883,0.3925,5887
LC001814,2022-03-01,2022,3,20000,60,21.68,E,Debt Consolidation,MORTGAGE,3 years,32721,21.09,44.45,31.8,0,7,0,Fully Paid,DTI 20-30% (Moderate),Grade E/F (Critical),0,0,0,0.6112,0.2794,5587
LC001815,2021-02-01,2021,2,30000,60,12.87,C,Vacation,MORTGAGE,7 years,19093,19.83,38.99,10.8,0,4,0,Fully Paid,DTI < 20% (Low),Grade C/D (High),0,0,0,1.5713,0.1156,3468
LC001816,2021-07-01,2021,7,20000,60,13.08,C,Debt Consolidation,MORTGAGE,4 years,25951,15.24,51.18,16.2,0,7,0,Fully Paid,DTI < 20% (Low),Grade C/D (High),0,0,0,0.7707,0.1054,2107
LC001817,2024-05-01,2024,5,15000,36,9.35,B,Education,RENT,10+ years,27257,38.33,72.75,16.9,0,9,0,Fully Paid,DTI 30-43% (High),Grade A/B (Prime),0,0,0,0.5503,0.1718,2577
LC001818,2019-05-01,2019,5,20000,60,6.8,A,Small Business,RENT,10+ years,107930,35.98,16.04,15.5,2,13,0,Fully Paid,DTI 30-43% (High),Grade A/B (Prime),0,0,0,0.1853,0.1049,2098
LC001819,2021-08-01,2021,8,20000,60,10.36,B,Home Improvement,RENT,5 years,57406,26.61,46.3,8.5,0,6,0,Fully Paid,DTI 20-30% (Moderate),Grade A/B (Prime),0,0,0,0.3484,0.0989,1979
LC001820,2024-09-01,2024,9,10000,60,21.85,E,Debt Consolidation,OWN,4 years,65828,24.51,39.86,21.9,0,8,0,Fully Paid,DTI 20-30% (Moderate),Grade E/F (Critical),0,0,0,0.1519,0.293,2930
LC001821,2024-08-01,2024,8,35000,60,5.56,A,Debt Consolidation,RENT,4 years,18000,33.6,70.39,24.2,0,10,0,Fully Paid,DTI 30-43% (High),Grade A/B (Prime),0,0,0,1.9444,0.1122,3926
LC001822,2021-10-01,2021,10,25000,36,10.29,B,Small Business,MORTGAGE,10+ years,29763,26.97,47.55,13.5,0,3,0,Fully Paid,DTI 20-30% (Moderate),Grade A/B (Prime),0,0,0,0.84,0.0854,2134
LC001823,2024-02-01,2024,2,25000,60,10.51,B,Education,RENT,4 years,84418,23.52,40.8,13.6,0,7,0,Fully Paid,DTI 20-30% (Moderate),Grade A/B (Prime),0,0,0,0.2961,0.0713,1782
LC001824,2020-10-01,2020,10,5000,60,15.32,C,Medical,RENT,2 years,62529,24.01,62.84,25.3,0,7,0,Fully Paid,DTI 20-30% (Moderate),Grade C/D (High),0,0,0,0.08,0.1447,724
LC001825,2020-11-01,2020,11,20000,60,25.9,F,Small Business,MORTGAGE,1 year,50332,38.03,31.35,5.8,0,14,0,Fully Paid,DTI 30-43% (High),Grade E/F (Critical),0,0,0,0.3974,0.4727,9454
LC001826,2024-07-01,2024,7,10000,36,9.39,B,Debt Consolidation,MORTGAGE,5 years,71856,19.01,43.33,13.6,0,7,0,Fully Paid,DTI < 20% (Low),Grade A/B (Prime),0,0,0,0.1392,0.0572,572
LC001827,2024-11-01,2024,11,5000,60,7.53,B,Vacation,RENT,6 years,122749,36.73,31.51,8.1,1,13,0,Fully Paid,DTI 30-43% (High),Grade A/B (Prime),0,0,0,0.0407,0.1526,763
LC001828,2020-05-01,2020,5,20000,60,17.24,D,Education,RENT,10+ years,48508,30.55,64.11,23.8,0,4,0,Fully Paid,DTI 30-43% (High),Grade C/D (High),0,0,0,0.4123,0.2434,4868
LC001829,2019-07-01,2019,7,15000,36,12.36,C,Debt Consolidation,RENT,2 years,56088,44.29,15.5,18.9,0,5,1,Charged Off,DTI > 43% (Very High),Grade C/D (High),0,0,1,0.2674,0.2002,3002
LC001830,2019-03-01,2019,3,20000,60,10.74,B,Vacation,MORTGAGE,4 years,59653,22.7,51.05,18.7,0,9,0,Fully Paid,DTI 20-30% (Moderate),Grade A/B (Prime),0,0,0,0.3353,0.0659,1318
LC001831,2021-04-01,2021,4,5000,60,12.18,C,Small Business,MORTGAGE,10+ years,179164,15.48,67.7,17.9,0,13,0,Fully Paid,DTI < 20% (Low),Grade C/D (High),0,0,0,0.0279,0.1384,692
LC001832,2023-07-01,2023,7,15000,36,5.05,A,Small Business,RENT,10+ years,18964,29.75,39.2,25.5,1,10,0,Fully Paid,DTI 20-30% (Moderate),Grade A/B (Prime),0,0,0,0.791,0.068,1020
LC001833,2022-02-01,2022,2,10000,36,6.02,A,Medical,RENT,4 years,76238,17.56,51.14,13.1,1,8,0,Fully Paid,DTI < 20% (Low),Grade A/B (Prime),0,0,0,0.1312,0.037,370
LC001834,2022-02-01,2022,2,40000,36,11.22,C,Education,RENT,5 years,51154,16.99,6.42,18.3,0,7,0,Fully Paid,DTI < 20% (Low),Grade C/D (High),0,0,0,0.782,0.103,4120
LC001835,2022-01-01,2022,1,20000,36,13.4,C,Medical,OWN,3 years,71925,41.87,58.28,20.0,0,5,1,Charged Off,DTI 30-43% (High),Grade C/D (High),0,0,0,0.2781,0.207,4141
LC001836,2024-01-01,2024,1,25000,36,25.15,F,Debt Consolidation,OWN,10+ years,39000,39.89,59.94,13.5,0,8,1,Charged Off,DTI 30-43% (High),Grade E/F (Critical),0,0,0,0.641,0.4769,11924
LC001837,2019-12-01,2019,12,15000,36,9.22,B,Home Improvement,RENT,1 year,52866,26.01,36.83,15.8,0,7,0,Fully Paid,DTI 20-30% (Moderate),Grade A/B (Prime),0,0,0,0.2837,0.077,1156
LC001838,2023-01-01,2023,1,5000,36,11.14,C,Auto,MORTGAGE,10+ years,77320,26.59,38.66,11.6,1,13,0,Fully Paid,DTI 20-30% (Moderate),Grade C/D (High),0,0,0,0.0647,0.1516,758
LC001839,2024-06-01,2024,6,40000,36,16.54,D,Debt Consolidation,RENT,8 years,256903,26.48,43.68,17.5,0,10,0,Fully Paid,DTI 20-30% (Moderate),Grade C/D (High),0,0,0,0.1557,0.1989,7957
LC001840,2020-05-01,2020,5,10000,36,7.71,A,Home Improvement,RENT,6 years,81147,33.99,23.35,14.9,1,5,0,Fully Paid,DTI 30-43% (High),Grade A/B (Prime),0,0,0,0.1232,0.0853,853
LC001841,2024-10-01,2024,10,15000,60,17.09,D,Home Improvement,MORTGAGE,< 1 year,35453,22.74,22.02,16.3,0,10,1,Charged Off,DTI 20-30% (Moderate),Grade C/D (High),0,0,0,0.4231,0.184,2759
LC001842,2023-08-01,2023,8,25000,36,5.71,A,Home Improvement,OWN,5 years,43832,8.45,59.36,19.7,0,13,0,Fully Paid,DTI < 20% (Low),Grade A/B (Prime),0,0,0,0.5704,0.0357,893
LC001843,2019-05-01,2019,5,5000,60,26.78,F,Small Business,OWN,5 years,43187,16.15,29.18,25.8,0,7,0,Fully Paid,DTI < 20% (Low),Grade E/F (Critical),0,0,0,0.1158,0.373,1865
LC001844,2020-01-01,2020,1,30000,36,6.41,A,Vacation,MORTGAGE,2 years,22075,19.86,42.91,16.2,0,8,0,Fully Paid,DTI < 20% (Low),Grade A/B (Prime),0,0,0,1.359,0.02,600
LC001845,2023-12-01,2023,12,20000,36,13.18,C,Debt Consolidation,RENT,8 years,45934,23.14,3.46,10.7,0,4,0,Fully Paid,DTI 20-30% (Moderate),Grade C/D (High),0,0,0,0.4354,0.1285,2569
LC001846,2022-08-01,2022,8,10000,36,5.31,A,Debt Consolidation,MORTGAGE,10+ years,78152,34.22,31.83,19.3,0,9,0,Fully Paid,DTI 30-43% (High),Grade A/B (Prime),0,0,0,0.128,0.0739,739
LC001847,2022-06-01,2022,6,5000,60,27.27,F,Debt Consolidation,RENT,7 years,28649,39.89,7.7,4.4,0,6,1,Charged Off,DTI 30-43% (High),Grade E/F (Critical),0,0,0,0.1745,0.4844,2422
LC001848,2020-08-01,2020,8,10000,60,10.64,C,Auto,MORTGAGE,8 years,91513,19.92,35.91,2.3,0,10,0,Fully Paid,DTI < 20% (Low),Grade C/D (High),0,1,0,0.1093,0.1411,1411
LC001849,2023-02-01,2023,2,35000,60,12.3,C,Medical,RENT,< 1 year,69140,26.76,35.41,24.0,0,7,0,Fully Paid,DTI 20-30% (Moderate),Grade C/D (High),0,0,0,0.5062,0.13,4551
LC001850,2021-10-01,2021,10,25000,36,6.01,A,Debt Consolidation,MORTGAGE,5 years,37530,35.45,37.96,7.6,0,8,0,Fully Paid,DTI 30-43% (High),Grade A/B (Prime),0,0,0,0.6661,0.101,2525
LC001851,2021-08-01,2021,8,10000,60,17.31,D,Education,RENT,1 year,50475,20.33,22.02,9.2,1,6,0,Fully Paid,DTI 20-30% (Moderate),Grade C/D (High),0,0,0,0.1981,0.2037,2037
LC001852,2021-06-01,2021,6,5000,36,9.22,B,Auto,RENT,7 years,120471,38.91,82.28,11.3,1,8,0,Fully Paid,DTI 30-43% (High),Grade A/B (Prime),1,0,0,0.0415,0.2163,1082
LC001853,2023-01-01,2023,1,25000,60,20.28,E,Education,OWN,10+ years,78180,15.57,23.56,20.7,0,13,1,Charged Off,DTI < 20% (Low),Grade E/F (Critical),0,0,0,0.3198,0.275,6875
LC001854,2019-01-01,2019,1,20000,36,8.41,B,Auto,RENT,8 years,54415,25.98,20.81,6.1,0,4,0,Fully Paid,DTI 20-30% (Moderate),Grade A/B (Prime),0,0,0,0.3675,0.1036,2072
LC001855,2020-10-01,2020,10,15000,36,9.36,B,Debt Consolidation,MORTGAGE,< 1 year,48106,25.71,64.72,7.8,1,8,0,Fully Paid,DTI 20-30% (Moderate),Grade A/B (Prime),0,0,0,0.3118,0.1389,2083
LC001856,2020-12-01,2020,12,15000,36,6.34,A,Education,RENT,4 years,56292,33.24,35.75,24.2,2,2,1,Charged Off,DTI 30-43% (High),Grade A/B (Prime),0,0,0,0.2665,0.094,1409
LC001857,2019-05-01,2019,5,10000,60,12.34,C,Home Improvement,RENT,6 years,41945,16.68,88.25,13.0,0,7,0,Fully Paid,DTI < 20% (Low),Grade C/D (High),1,0,0,0.2384,0.1855,1855
LC001858,2020-07-01,2020,7,25000,36,12.42,C,Education,RENT,5 years,18913,38.13,26.03,16.0,0,7,0,Fully Paid,DTI 30-43% (High),Grade C/D (High),0,0,0,1.3218,0.1755,4388
LC001859,2023-04-01,2023,4,40000,36,6.96,A,Medical,RENT,10+ years,150405,32.76,29.48,29.3,0,8,0,Fully Paid,DTI 30-43% (High),Grade A/B (Prime),0,0,0,0.2659,0.068,2722
LC001860,2023-10-01,2023,10,10000,36,16.39,D,Education,OWN,10+ years,58552,29.18,8.2,13.2,0,8,0,Fully Paid,DTI 20-30% (Moderate),Grade C/D (High),0,0,0,0.1708,0.2151,2151
LC001861,2023-05-01,2023,5,20000,60,12.73,C,Medical,RENT,7 years,66110,23.8,30.92,12.8,1,4,0,Fully Paid,DTI 20-30% (Moderate),Grade C/D (High),0,0,0,0.3025,0.1368,2736
LC001862,2022-10-01,2022,10,15000,36,14.54,C,Debt Consolidation,OWN,4 years,52630,30.22,37.76,16.2,0,10,0,Fully Paid,DTI 30-43% (High),Grade C/D (High),0,0,0,0.285,0.1439,2158
LC001863,2019-03-01,2019,3,15000,60,11.66,C,Small Business,MORTGAGE,3 years,37513,35.07,9.55,21.5,0,10,1,Charged Off,DTI 30-43% (High),Grade C/D (High),0,0,0,0.3999,0.1633,2449
LC001864,2024-02-01,2024,2,10000,60,11.32,C,Vacation,RENT,1 year,49367,35.52,46.99,13.3,1,5,0,Fully Paid,DTI 30-43% (High),Grade C/D (High),0,0,0,0.2026,0.1822,1822
LC001865,2020-02-01,2020,2,30000,60,13.43,C,Auto,MORTGAGE,4 years,24350,23.31,27.21,21.4,2,5,0,Fully Paid,DTI 20-30% (Moderate),Grade C/D (High),0,0,0,1.232,0.1402,4207
LC001866,2023-05-01,2023,5,20000,60,5.86,A,Debt Consolidation,MORTGAGE,5 years,169150,18.72,27.7,14.5,0,4,0,Fully Paid,DTI < 20% (Low),Grade A/B (Prime),0,0,0,0.1182,0.02,400
LC001867,2024-04-01,2024,4,20000,60,8.95,B,Debt Consolidation,MORTGAGE,8 years,29224,20.28,34.21,3.4,0,6,0,Fully Paid,DTI 20-30% (Moderate),Grade A/B (Prime),0,0,0,0.6844,0.0889,1778
LC001868,2023-02-01,2023,2,15000,36,20.78,E,Debt Consolidation,RENT,8 years,32339,36.02,37.09,8.2,0,7,1,Charged Off,DTI 30-43% (High),Grade E/F (Critical),0,0,0,0.4638,0.3595,5392
LC001869,2020-05-01,2020,5,10000,36,26.59,F,Medical,RENT,< 1 year,43472,24.89,18.35,11.3,0,7,1,Charged Off,DTI 20-30% (Moderate),Grade E/F (Critical),0,0,0,0.23,0.4037,4037
LC001870,2021-10-01,2021,10,5000,60,10.48,B,Education,OWN,5 years,103160,16.57,32.93,5.3,0,8,0,Fully Paid,DTI < 20% (Low),Grade A/B (Prime),0,0,0,0.0485,0.0821,411
LC001871,2019-09-01,2019,9,25000,36,9.84,B,Debt Consolidation,OWN,2 years,54571,33.43,39.5,17.3,0,7,0,Fully Paid,DTI 30-43% (High),Grade A/B (Prime),0,0,0,0.4581,0.1067,2668
LC001872,2023-08-01,2023,8,10000,36,17.49,D,Small Business,OWN,2 years,29200,33.26,54.15,10.0,0,6,1,Charged Off,DTI 30-43% (High),Grade C/D (High),0,0,0,0.3425,0.2493,2493
LC001873,2023-09-01,2023,9,25000,60,11.67,C,Education,RENT,10+ years,101435,23.55,44.04,10.0,0,9,0,Fully Paid,DTI 20-30% (Moderate),Grade C/D (High),0,0,0,0.2465,0.1322,3305
LC001874,2023-09-01,2023,9,15000,36,5.48,A,Medical,MORTGAGE,< 1 year,78081,14.89,31.36,11.5,0,8,0,Fully Paid,DTI < 20% (Low),Grade A/B (Prime),0,0,0,0.1921,0.0275,412
LC001875,2019-08-01,2019,8,15000,60,4.13,A,Small Business,MORTGAGE,5 years,70914,51.92,21.17,6.2,0,10,0,Fully Paid,DTI > 43% (Very High),Grade A/B (Prime),0,0,1,0.2115,0.1711,2566
LC001876,2024-09-01,2024,9,20000,60,16.15,D,Small Business,MORTGAGE,2 years,77487,26.16,77.42,17.9,1,7,1,Charged Off,DTI 20-30% (Moderate),Grade C/D (High),1,0,0,0.2581,0.2645,5290
LC001877,2023-04-01,2023,4,15000,36,17.57,D,Small Business,RENT,10+ years,179366,31.7,85.37,23.8,0,6,0,Fully Paid,DTI 30-43% (High),Grade C/D (High),1,0,0,0.0836,0.2905,4358
LC001878,2020-08-01,2020,8,5000,36,6.81,A,Debt Consolidation,MORTGAGE,6 years,161546,25.01,19.47,16.1,2,12,0,Fully Paid,DTI 20-30% (Moderate),Grade A/B (Prime),0,0,0,0.031,0.061,305
LC001879,2021-02-01,2021,2,15000,36,9.02,B,Small Business,RENT,2 years,38432,19.33,38.72,22.6,0,9,0,Fully Paid,DTI < 20% (Low),Grade A/B (Prime),0,0,0,0.3903,0.053,795
LC001880,2023-09-01,2023,9,25000,60,9.18,B,Medical,RENT,6 years,122020,30.81,81.75,5.3,0,6,1,Charged Off,DTI 30-43% (High),Grade A/B (Prime),1,0,0,0.2049,0.1888,4721
LC001881,2022-09-01,2022,9,25000,36,16.25,D,Auto,OWN,9 years,65617,16.46,24.97,18.9,0,7,1,Charged Off,DTI < 20% (Low),Grade C/D (High),0,0,0,0.381,0.173,4325
LC001882,2019-11-01,2019,11,10000,36,6.56,A,Medical,RENT,10+ years,69532,31.98,47.84,18.6,1,8,0,Fully Paid,DTI 30-43% (High),Grade A/B (Prime),0,0,0,0.1438,0.0769,769
LC001883,2019-03-01,2019,3,20000,60,7.01,A,Education,RENT,2 years,23245,44.79,48.93,18.2,1,6,0,Fully Paid,DTI > 43% (Very High),Grade A/B (Prime),0,0,1,0.8604,0.1282,2563
LC001884,2023-06-01,2023,6,10000,36,20.11,E,Debt Consolidation,RENT,10+ years,49752,25.09,52.04,17.6,0,6,0,Fully Paid,DTI 20-30% (Moderate),Grade E/F (Critical),0,0,0,0.201,0.2994,2994
LC001885,2020-12-01,2020,12,10000,36,6.64,A,Home Improvement,OWN,10+ years,36083,21.08,75.15,16.2,0,13,0,Fully Paid,DTI 20-30% (Moderate),Grade A/B (Prime),1,0,0,0.2771,0.0716,716
LC001886,2020-07-01,2020,7,5000,36,17.55,D,Debt Consolidation,MORTGAGE,10+ years,81964,17.53,41.58,31.1,0,5,0,Fully Paid,DTI < 20% (Low),Grade C/D (High),0,0,0,0.061,0.173,865
LC001887,2024-03-01,2024,3,35000,36,8.87,B,Debt Consolidation,RENT,7 years,92553,22.83,33.21,6.8,0,6,0,Fully Paid,DTI 20-30% (Moderate),Grade A/B (Prime),0,0,0,0.3782,0.0889,3112
LC001888,2023-05-01,2023,5,10000,36,6.96,A,Medical,MORTGAGE,7 years,19202,24.55,47.24,28.4,0,6,0,Fully Paid,DTI 20-30% (Moderate),Grade A/B (Prime),0,0,0,0.5208,0.0352,352
LC001889,2023-01-01,2023,1,10000,60,11.45,B,Vacation,MORTGAGE,5 years,53583,39.73,38.9,19.2,0,8,0,Fully Paid,DTI 30-43% (High),Grade A/B (Prime),0,0,0,0.1866,0.1319,1319
LC001890,2022-11-01,2022,11,10000,36,16.72,D,Debt Consolidation,RENT,9 years,94933,30.72,50.31,14.1,1,8,1,Charged Off,DTI 30-43% (High),Grade C/D (High),0,0,0,0.1053,0.2312,2312
LC001891,2022-03-01,2022,3,10000,36,21.71,E,Home Improvement,MORTGAGE,6 years,49348,35.3,16.63,16.9,1,10,0,Fully Paid,DTI 30-43% (High),Grade E/F (Critical),0,0,0,0.2026,0.3482,3482
LC001892,2023-12-01,2023,12,25000,36,20.81,E,Education,MORTGAGE,8 years,78005,21.22,29.08,6.2,2,15,1,Charged Off,DTI 20-30% (Moderate),Grade E/F (Critical),0,0,0,0.3205,0.3303,8257
LC001893,2024-08-01,2024,8,5000,36,9.35,B,Debt Consolidation,MORTGAGE,5 years,64575,27.87,40.97,11.1,1,6,0,Fully Paid,DTI 20-30% (Moderate),Grade A/B (Prime),0,0,0,0.0774,0.1082,541
LC001894,2020-03-01,2020,3,10000,60,17.17,D,Small Business,RENT,9 years,64269,30.58,48.87,17.1,1,5,1,Charged Off,DTI 30-43% (High),Grade C/D (High),0,0,0,0.1556,0.2273,2273
LC001895,2020-08-01,2020,8,25000,36,9.36,B,Medical,OWN,10+ years,47304,10.5,25.67,23.0,0,11,0,Fully Paid,DTI < 20% (Low),Grade A/B (Prime),0,0,0,0.5285,0.053,1325
LC001896,2019-09-01,2019,9,15000,60,8.38,B,Small Business,MORTGAGE,1 year,29487,11.62,52.23,13.9,0,6,0,Fully Paid,DTI < 20% (Low),Grade A/B (Prime),0,0,0,0.5087,0.0608,911
LC001897,2023-06-01,2023,6,25000,36,21.57,E,Debt Consolidation,RENT,10+ years,30922,11.38,30.17,9.5,0,10,0,Fully Paid,DTI < 20% (Low),Grade E/F (Critical),0,0,0,0.8085,0.2915,7287
LC001898,2022-07-01,2022,7,20000,60,7.57,A,Home Improvement,RENT,6 years,77240,24.09,87.25,12.0,0,6,0,Fully Paid,DTI 20-30% (Moderate),Grade A/B (Prime),1,0,0,0.2589,0.1169,2337
LC001899,2019-06-01,2019,6,10000,36,6.76,A,Education,RENT,10+ years,54706,35.74,44.52,11.4,1,6,0,Fully Paid,DTI 30-43% (High),Grade A/B (Prime),0,0,0,0.1828,0.1028,1028
LC001900,2021-08-01,2021,8,25000,36,9.97,B,Small Business,RENT,5 years,50551,18.57,79.08,11.4,0,7,0,Fully Paid,DTI < 20% (Low),Grade A/B (Prime),1,0,0,0.4945,0.122,3049
LC001901,2020-07-01,2020,7,5000,36,6.21,A,Debt Consolidation,MORTGAGE,4 years,43829,16.44,46.24,5.6,1,8,0,Fully Paid,DTI < 20% (Low),Grade A/B (Prime),0,0,0,0.1141,0.0572,286
LC001902,2021-10-01,2021,10,20000,60,9.8,B,Education,RENT,10+ years,46509,21.78,15.78,26.1,0,8,0,Fully Paid,DTI 20-30% (Moderate),Grade A/B (Prime),0,0,0,0.43,0.0601,1202
LC001903,2024-01-01,2024,1,15000,36,13.02,C,Debt Consolidation,RENT,3 years,91442,25.11,16.92,20.3,0,7,0,Fully Paid,DTI 20-30% (Moderate),Grade C/D (High),0,0,0,0.164,0.1234,1852
LC001904,2023-03-01,2023,3,10000,36,12.04,C,Medical,MORTGAGE,10+ years,45816,20.22,39.07,19.9,0,10,0,Fully Paid,DTI 20-30% (Moderate),Grade C/D (High),0,0,0,0.2183,0.1039,1039
LC001905,2019-03-01,2019,3,20000,60,21.65,E,Debt Consolidation,RENT,6 years,27708,16.81,67.16,16.0,1,6,0,Fully Paid,DTI < 20% (Low),Grade E/F (Critical),0,0,0,0.7218,0.3213,6426
LC001906,2020-03-01,2020,3,35000,36,20.61,E,Vacation,OWN,6 years,78576,15.94,22.87,14.7,0,9,0,Fully Paid,DTI < 20% (Low),Grade E/F (Critical),0,0,0,0.4454,0.2759,9657
LC001907,2019-04-01,2019,4,40000,36,8.69,B,Home Improvement,RENT,3 years,48901,49.54,9.45,21.8,0,10,0,Fully Paid,DTI > 43% (Very High),Grade A/B (Prime),0,0,1,0.818,0.1712,6846
LC001908,2023-01-01,2023,1,20000,60,9.35,B,Home Improvement,RENT,7 years,55034,13.59,78.64,18.0,2,13,0,Fully Paid,DTI < 20% (Low),Grade A/B (Prime),1,0,0,0.3634,0.1343,2686
LC001909,2022-11-01,2022,11,15000,36,9.44,B,Debt Consolidation,RENT,4 years,121029,32.01,15.72,13.2,0,7,0,Fully Paid,DTI 30-43% (High),Grade A/B (Prime),0,0,0,0.1239,0.1064,1597
LC001910,2024-02-01,2024,2,10000,60,11.85,C,Home Improvement,RENT,< 1 year,53622,47.69,34.9,30.9,0,9,0,Fully Paid,DTI > 43% (Very High),Grade C/D (High),0,0,1,0.1865,0.2138,2138
LC001911,2023-12-01,2023,12,10000,36,10.04,B,Auto,RENT,3 years,62604,37.55,36.41,20.2,0,8,0,Fully Paid,DTI 30-43% (High),Grade A/B (Prime),0,0,0,0.1597,0.1232,1232
LC001912,2022-05-01,2022,5,20000,36,17.26,D,Vacation,MORTGAGE,< 1 year,30048,16.03,7.17,14.4,0,10,0,Fully Paid,DTI < 20% (Low),Grade C/D (High),0,0,0,0.6656,0.1748,3496
LC001913,2024-11-01,2024,11,15000,36,12.24,C,Home Improvement,OWN,10+ years,48541,43.48,48.64,14.1,1,6,0,Fully Paid,DTI > 43% (Very High),Grade C/D (High),0,0,1,0.309,0.2116,3174
LC001914,2023-06-01,2023,6,35000,60,11.57,C,Home Improvement,RENT,10+ years,73480,14.35,22.33,4.1,1,12,0,Fully Paid,DTI < 20% (Low),Grade C/D (High),0,0,0,0.4763,0.1477,5170
LC001915,2020-09-01,2020,9,15000,60,12.68,C,Medical,MORTGAGE,5 years,24892,21.02,15.74,8.9,1,11,1,Charged Off,DTI 20-30% (Moderate),Grade C/D (High),0,0,0,0.6026,0.1374,2061
LC001916,2022-02-01,2022,2,15000,60,8.84,B,Auto,MORTGAGE,9 years,59899,24.75,82.24,5.8,0,6,1,Charged Off,DTI 20-30% (Moderate),Grade A/B (Prime),1,0,0,0.2504,0.1641,2461
LC001917,2022-12-01,2022,12,15000,36,26.89,F,Small Business,MORTGAGE,4 years,56977,16.54,58.48,10.9,0,8,1,Charged Off,DTI < 20% (Low),Grade E/F (Critical),0,0,0,0.2633,0.4023,6034
LC001918,2022-09-01,2022,9,30000,60,16.51,D,Home Improvement,RENT,8 years,55306,27.87,32.8,17.1,0,8,1,Charged Off,DTI 20-30% (Moderate),Grade C/D (High),0,0,0,0.5424,0.2045,6134
LC001919,2020-07-01,2020,7,25000,36,4.79,A,Home Improvement,RENT,10+ years,90997,19.38,79.86,10.2,1,5,0,Fully Paid,DTI < 20% (Low),Grade A/B (Prime),1,0,0,0.2747,0.1031,2578
LC001920,2020-09-01,2020,9,20000,36,21.09,E,Medical,RENT,10+ years,64037,48.23,16.22,11.6,0,7,1,Charged Off,DTI > 43% (Very High),Grade E/F (Critical),0,0,1,0.3123,0.3981,7962
LC001921,2021-04-01,2021,4,15000,60,12.56,C,Debt Consolidation,MORTGAGE,5 years,113441,24.68,29.37,13.7,1,10,1,Charged Off,DTI 20-30% (Moderate),Grade C/D (High),0,0,0,0.1322,0.1376,2064
LC001922,2019-07-01,2019,7,30000,36,21.91,E,Small Business,MORTGAGE,9 years,32965,35.85,45.99,28.7,0,5,0,Fully Paid,DTI 30-43% (High),Grade E/F (Critical),0,0,0,0.9101,0.3384,10152
LC001923,2024-01-01,2024,1,5000,36,20.84,E,Home Improvement,RENT,3 years,57986,45.18,57.75,7.4,1,10,0,Fully Paid,DTI > 43% (Very High),Grade E/F (Critical),0,0,1,0.0862,0.426,2130
LC001924,2023-08-01,2023,8,35000,36,14.14,C,Education,RENT,10+ years,56513,31.15,45.08,8.9,0,6,0,Fully Paid,DTI 30-43% (High),Grade C/D (High),0,0,0,0.6193,0.1659,5806
LC001925,2023-07-01,2023,7,20000,60,4.87,A,Debt Consolidation,OWN,< 1 year,31741,47.79,34.26,24.4,0,8,0,Fully Paid,DTI > 43% (Very High),Grade A/B (Prime),0,0,1,0.6301,0.1282,2563
LC001926,2022-07-01,2022,7,15000,36,10.25,B,Small Business,MORTGAGE,7 years,87391,36.16,9.76,12.3,0,6,0,Fully Paid,DTI 30-43% (High),Grade A/B (Prime),0,0,0,0.1716,0.1257,1886
LC001927,2023-02-01,2023,2,20000,36,12.62,C,Small Business,OWN,8 years,173223,31.45,42.38,10.6,0,10,0,Fully Paid,DTI 30-43% (High),Grade C/D (High),0,0,0,0.1155,0.162,3240
LC001928,2024-10-01,2024,10,25000,60,17.49,D,Medical,MORTGAGE,8 years,53718,25.53,30.67,5.1,0,5,0,Fully Paid,DTI 20-30% (Moderate),Grade C/D (High),0,0,0,0.4654,0.2248,5620
LC001929,2021-09-01,2021,9,5000,36,9.26,B,Debt Consolidation,RENT,1 year,69739,13.72,15.28,16.7,0,10,0,Fully Paid,DTI < 20% (Low),Grade A/B (Prime),0,0,0,0.0717,0.053,265
LC001930,2023-11-01,2023,11,35000,36,7.31,A,Small Business,MORTGAGE,10+ years,56515,25.0,44.09,8.7,1,12,0,Fully Paid,DTI 20-30% (Moderate),Grade A/B (Prime),0,0,0,0.6193,0.0679,2376
LC001931,2021-08-01,2021,8,15000,60,21.09,E,Small Business,MORTGAGE,2 years,37919,17.73,48.73,15.3,2,7,0,Fully Paid,DTI < 20% (Low),Grade E/F (Critical),0,0,0,0.3956,0.299,4485
LC001932,2024-01-01,2024,1,15000,60,25.92,F,Small Business,RENT,7 years,21799,39.32,28.22,20.0,0,10,0,Fully Paid,DTI 30-43% (High),Grade E/F (Critical),0,0,0,0.6881,0.4503,6754
LC001933,2024-11-01,2024,11,10000,36,13.94,C,Small Business,MORTGAGE,2 years,38067,18.57,75.24,13.9,0,9,0,Fully Paid,DTI < 20% (Low),Grade C/D (High),1,0,0,0.2627,0.1568,1568
LC001934,2024-01-01,2024,1,15000,60,6.31,A,Medical,MORTGAGE,3 years,27012,28.15,50.22,24.1,1,8,0,Fully Paid,DTI 20-30% (Moderate),Grade A/B (Prime),0,0,0,0.5553,0.062,931
LC001935,2019-05-01,2019,5,20000,36,9.38,B,Education,RENT,6 years,127014,34.25,11.55,12.5,0,5,0,Fully Paid,DTI 30-43% (High),Grade A/B (Prime),0,0,0,0.1575,0.1175,2350
LC001936,2021-02-01,2021,2,15000,36,7.39,A,Debt Consolidation,MORTGAGE,5 years,51146,17.58,36.82,12.6,1,10,0,Fully Paid,DTI < 20% (Low),Grade A/B (Prime),0,0,0,0.2933,0.0362,543
LC001937,2020-01-01,2020,1,25000,36,25.97,F,Education,MORTGAGE,2 years,45572,27.54,70.09,24.9,0,9,0,Fully Paid,DTI 20-30% (Moderate),Grade E/F (Critical),0,0,0,0.5486,0.4433,11084
LC001938,2022-10-01,2022,10,15000,36,6.88,A,Small Business,OWN,2 years,84506,21.71,62.18,21.7,0,11,0,Fully Paid,DTI 20-30% (Moderate),Grade A/B (Prime),0,0,0,0.1775,0.0482,723
LC001939,2022-12-01,2022,12,40000,36,12.33,C,Debt Consolidation,RENT,5 years,30919,29.28,86.33,13.9,2,12,1,Charged Off,DTI 20-30% (Moderate),Grade C/D (High),1,0,0,1.2937,0.2401,9603
LC001940,2020-11-01,2020,11,20000,60,9.09,B,Debt Consolidation,RENT,9 years,36922,46.96,39.89,24.9,0,11,1,Charged Off,DTI > 43% (Very High),Grade A/B (Prime),0,0,1,0.5417,0.1608,3217
LC001941,2023-08-01,2023,8,30000,60,12.86,C,Home Improvement,MORTGAGE,10+ years,56052,17.59,41.11,15.3,1,3,0,Fully Paid,DTI < 20% (Low),Grade C/D (High),0,0,0,0.5352,0.115,3450
LC001942,2021-12-01,2021,12,5000,60,15.6,D,Education,RENT,1 year,90616,14.76,29.68,11.2,1,9,1,Charged Off,DTI < 20% (Low),Grade C/D (High),0,0,0,0.0552,0.1964,982
LC001943,2024-04-01,2024,4,15000,60,20.78,E,Medical,MORTGAGE,5 years,69622,20.05,56.82,24.2,1,6,0,Fully Paid,DTI 20-30% (Moderate),Grade E/F (Critical),0,0,0,0.2154,0.3008,4513
LC001944,2020-02-01,2020,2,15000,36,10.28,B,Education,MORTGAGE,1 year,61338,8.71,19.5,9.5,0,11,0,Fully Paid,DTI < 20% (Low),Grade A/B (Prime),0,0,0,0.2445,0.0695,1042
LC001945,2021-05-01,2021,5,20000,36,7.11,A,Small Business,RENT,< 1 year,56334,34.68,9.49,7.0,0,6,0,Fully Paid,DTI 30-43% (High),Grade A/B (Prime),0,0,0,0.355,0.0997,1994
LC001946,2023-12-01,2023,12,30000,60,6.35,A,Home Improvement,MORTGAGE,8 years,66179,18.85,52.06,28.8,0,7,0,Fully Paid,DTI < 20% (Low),Grade A/B (Prime),0,0,0,0.4533,0.0211,634
LC001947,2023-11-01,2023,11,5000,60,26.99,F,Debt Consolidation,MORTGAGE,7 years,59924,13.46,70.47,8.7,1,9,1,Charged Off,DTI < 20% (Low),Grade E/F (Critical),0,0,0,0.0834,0.4448,2224
LC001948,2019-12-01,2019,12,5000,60,21.16,E,Home Improvement,RENT,2 years,32371,18.22,21.8,19.1,1,9,1,Charged Off,DTI < 20% (Low),Grade E/F (Critical),0,0,0,0.1545,0.287,1435
LC001949,2024-06-01,2024,6,30000,36,13.89,C,Home Improvement,OWN,2 years,55439,24.04,22.32,30.3,0,8,0,Fully Paid,DTI 20-30% (Moderate),Grade C/D (High),0,0,0,0.5411,0.1192,3575
LC001950,2022-08-01,2022,8,10000,36,16.64,D,Debt Consolidation,MORTGAGE,< 1 year,31671,35.53,46.46,10.7,0,6,1,Charged Off,DTI 30-43% (High),Grade C/D (High),0,0,0,0.3157,0.248,2480
LC001951,2024-07-01,2024,7,25000,36,16.99,D,Debt Consolidation,MORTGAGE,10+ years,56418,35.56,77.97,13.4,0,6,0,Fully Paid,DTI 30-43% (High),Grade C/D (High),1,0,0,0.4431,0.296,7399
LC001952,2024-07-01,2024,7,20000,36,7.32,A,Small Business,MORTGAGE,10+ years,42603,14.77,4.96,18.8,0,7,0,Fully Paid,DTI < 20% (Low),Grade A/B (Prime),0,0,0,0.4695,0.02,400
LC001953,2022-01-01,2022,1,30000,36,26.18,F,Medical,MORTGAGE,1 year,192854,18.92,12.37,18.3,0,6,0,Fully Paid,DTI < 20% (Low),Grade E/F (Critical),0,0,0,0.1556,0.373,11190
LC001954,2024-03-01,2024,3,10000,36,14.05,C,Vacation,OWN,2 years,53106,33.07,46.95,27.6,0,8,1,Charged Off,DTI 30-43% (High),Grade C/D (High),0,0,0,0.1883,0.1553,1553
LC001955,2024-03-01,2024,3,10000,60,7.98,B,Auto,MORTGAGE,10+ years,26846,34.37,42.49,8.0,0,8,0,Fully Paid,DTI 30-43% (High),Grade A/B (Prime),0,0,0,0.3725,0.1315,1315
LC001956,2024-07-01,2024,7,20000,36,14.1,C,Medical,MORTGAGE,10+ years,50661,21.4,4.44,20.4,1,10,0,Fully Paid,DTI 20-30% (Moderate),Grade C/D (High),0,0,0,0.3948,0.1206,2412
LC001957,2024-12-01,2024,12,35000,36,6.1,A,Home Improvement,OWN,5 years,70240,29.42,49.56,11.4,0,11,0,Fully Paid,DTI 20-30% (Moderate),Grade A/B (Prime),0,0,0,0.4983,0.0655,2292
LC001958,2024-02-01,2024,2,15000,60,6.21,A,Medical,RENT,< 1 year,125077,28.53,34.04,23.3,0,5,0,Fully Paid,DTI 20-30% (Moderate),Grade A/B (Prime),0,0,0,0.1199,0.0511,767
LC001959,2022-10-01,2022,10,15000,36,15.29,D,Education,MORTGAGE,< 1 year,40347,21.98,19.49,16.7,1,7,0,Fully Paid,DTI 20-30% (Moderate),Grade C/D (High),0,0,0,0.3718,0.1929,2894
LC001960,2020-07-01,2020,7,20000,36,6.04,A,Debt Consolidation,RENT,7 years,24558,40.03,11.41,8.8,0,7,0,Fully Paid,DTI 30-43% (High),Grade A/B (Prime),0,0,0,0.8144,0.1157,2314
LC001961,2024-09-01,2024,9,35000,36,15.97,D,Home Improvement,RENT,5 years,81505,48.9,31.54,15.2,1,6,0,Fully Paid,DTI > 43% (Very High),Grade C/D (High),0,0,1,0.4294,0.3006,10521
LC001962,2023-01-01,2023,1,30000,60,8.71,B,Education,RENT,< 1 year,27165,34.35,47.82,6.5,0,10,1,Charged Off,DTI 30-43% (High),Grade A/B (Prime),0,0,0,1.1043,0.1359,4077
LC001963,2021-12-01,2021,12,40000,36,9.09,B,Home Improvement,OWN,7 years,43561,18.26,43.91,19.9,1,9,0,Fully Paid,DTI < 20% (Low),Grade A/B (Prime),0,0,0,0.9182,0.065,2600
LC001964,2021-02-01,2021,2,5000,60,9.97,B,Small Business,OWN,< 1 year,47629,23.25,59.74,8.0,0,13,0,Fully Paid,DTI 20-30% (Moderate),Grade A/B (Prime),0,0,0,0.105,0.1065,532
LC001965,2023-11-01,2023,11,5000,36,9.37,B,Small Business,MORTGAGE,9 years,52323,19.68,25.49,16.2,0,5,0,Fully Paid,DTI < 20% (Low),Grade A/B (Prime),0,0,0,0.0956,0.053,265
LC001966,2022-06-01,2022,6,20000,36,17.05,D,Debt Consolidation,MORTGAGE,3 years,76465,20.28,41.45,20.2,1,6,0,Fully Paid,DTI 20-30% (Moderate),Grade C/D (High),0,0,0,0.2616,0.1861,3722
LC001967,2019-02-01,2019,2,30000,36,8.32,B,Home Improvement,MORTGAGE,< 1 year,38491,32.91,70.59,13.1,0,7,1,Charged Off,DTI 30-43% (High),Grade A/B (Prime),0,0,0,0.7794,0.1515,4546
LC001968,2020-12-01,2020,12,10000,36,12.1,C,Home Improvement,OWN,7 years,47247,30.3,11.9,14.8,0,18,0,Fully Paid,DTI 30-43% (High),Grade C/D (High),0,0,0,0.2117,0.1448,1448
LC001969,2023-02-01,2023,2,10000,36,14.24,C,Debt Consolidation,MORTGAGE,5 years,53791,40.85,36.3,20.8,1,7,0,Fully Paid,DTI 30-43% (High),Grade C/D (High),0,0,0,0.1859,0.1984,1984
LC001970,2021-05-01,2021,5,30000,60,16.21,D,Debt Consolidation,RENT,10+ years,58384,42.99,31.76,16.6,0,9,0,Fully Paid,DTI 30-43% (High),Grade C/D (High),0,0,0,0.5138,0.265,7949
LC001971,2022-07-01,2022,7,5000,36,28.12,F,Education,RENT,6 years,56892,40.86,36.47,12.6,0,9,0,Fully Paid,DTI 30-43% (High),Grade E/F (Critical),0,0,0,0.0879,0.4636,2318
LC001972,2023-04-01,2023,4,15000,60,16.61,D,Debt Consolidation,MORTGAGE,3 years,67373,21.01,22.92,9.3,0,5,0,Fully Paid,DTI 20-30% (Moderate),Grade C/D (High),0,0,0,0.2226,0.1941,2912
LC001973,2023-06-01,2023,6,20000,60,9.2,B,Small Business,MORTGAGE,8 years,82613,35.38,38.43,23.2,1,4,0,Fully Paid,DTI 30-43% (High),Grade A/B (Prime),0,0,0,0.2421,0.1265,2530
LC001974,2020-12-01,2020,12,20000,60,7.26,A,Debt Consolidation,RENT,3 years,65928,34.19,67.51,14.6,1,9,0,Fully Paid,DTI 30-43% (High),Grade A/B (Prime),0,0,0,0.3034,0.122,2440
LC001975,2019-03-01,2019,3,25000,36,10.22,B,Vacation,RENT,10+ years,67968,40.56,56.97,10.1,1,8,0,Fully Paid,DTI 30-43% (High),Grade A/B (Prime),0,0,0,0.3678,0.1759,4397
LC001976,2022-04-01,2022,4,15000,60,12.71,C,Debt Consolidation,MORTGAGE,4 years,24560,32.13,72.34,6.6,0,1,0,Fully Paid,DTI 30-43% (High),Grade C/D (High),0,0,0,0.6107,0.2214,3321
LC001977,2023-04-01,2023,4,20000,36,6.09,A,Home Improvement,RENT,6 years,55554,22.91,56.48,14.7,2,7,0,Fully Paid,DTI 20-30% (Moderate),Grade A/B (Prime),0,0,0,0.36,0.0665,1330
LC001978,2020-04-01,2020,4,20000,36,12.76,C,Auto,MORTGAGE,< 1 year,68855,34.73,35.17,12.9,0,5,0,Fully Paid,DTI 30-43% (High),Grade C/D (High),0,0,0,0.2905,0.1682,3364
LC001979,2021-12-01,2021,12,20000,60,13.07,C,Education,OWN,5 years,78001,26.33,39.13,9.4,0,7,0,Fully Paid,DTI 20-30% (Moderate),Grade C/D (High),0,0,0,0.2564,0.1451,2902
LC001980,2024-01-01,2024,1,25000,36,9.91,B,Debt Consolidation,RENT,10+ years,38324,37.78,75.99,16.8,1,9,0,Fully Paid,DTI 30-43% (High),Grade A/B (Prime),1,0,0,0.6523,0.1881,4702
LC001981,2024-04-01,2024,4,10000,60,16.8,D,Education,RENT,10+ years,38967,27.47,19.64,9.4,0,7,0,Fully Paid,DTI 20-30% (Moderate),Grade C/D (High),0,0,0,0.2566,0.2197,2197
LC001982,2022-04-01,2022,4,5000,36,6.9,A,Home Improvement,MORTGAGE,2 years,40658,16.22,25.47,25.6,0,4,0,Fully Paid,DTI < 20% (Low),Grade A/B (Prime),0,0,0,0.123,0.02,100
LC001983,2019-06-01,2019,6,5000,36,7.71,A,Small Business,MORTGAGE,2 years,70842,37.8,42.76,11.4,1,7,0,Fully Paid,DTI 30-43% (High),Grade A/B (Prime),0,0,0,0.0706,0.111,555
LC001984,2020-09-01,2020,9,10000,36,17.11,D,Debt Consolidation,MORTGAGE,10+ years,90848,18.57,29.34,6.5,0,2,0,Fully Paid,DTI < 20% (Low),Grade C/D (High),0,0,0,0.1101,0.1985,1985
LC001985,2020-10-01,2020,10,20000,36,13.05,C,Debt Consolidation,OWN,10+ years,44191,50.56,40.52,15.3,0,7,0,Fully Paid,DTI > 43% (Very High),Grade C/D (High),0,0,1,0.4526,0.2252,4505
LC001986,2020-06-01,2020,6,30000,36,15.58,D,Medical,RENT,1 year,85304,25.53,25.68,20.6,0,8,0,Fully Paid,DTI 20-30% (Moderate),Grade C/D (High),0,0,0,0.3517,0.1951,5854
LC001987,2022-06-01,2022,6,25000,36,10.7,C,Small Business,MORTGAGE,5 years,57627,31.36,33.43,8.3,0,6,0,Fully Paid,DTI 30-43% (High),Grade C/D (High),0,0,0,0.4338,0.1685,4214
LC001988,2022-07-01,2022,7,30000,60,9.51,B,Home Improvement,MORTGAGE,4 years,50912,32.08,12.95,18.5,2,7,0,Fully Paid,DTI 30-43% (High),Grade A/B (Prime),0,0,0,0.5893,0.1253,3760
LC001989,2020-07-01,2020,7,15000,60,21.32,E,Medical,OWN,10+ years,48743,20.07,32.49,19.6,1,3,1,Charged Off,DTI 20-30% (Moderate),Grade E/F (Critical),0,0,0,0.3077,0.2873,4309
LC001990,2024-01-01,2024,1,15000,60,20.99,E,Education,RENT,1 year,78693,15.77,36.13,14.6,0,8,1,Charged Off,DTI < 20% (Low),Grade E/F (Critical),0,0,0,0.1906,0.2762,4143
LC001991,2023-08-01,2023,8,15000,60,16.99,D,Debt Consolidation,MORTGAGE,2 years,63754,30.06,30.63,27.1,1,7,0,Fully Paid,DTI 30-43% (High),Grade C/D (High),0,0,0,0.2353,0.2252,3379
LC001992,2022-01-01,2022,1,10000,36,9.15,B,Small Business,MORTGAGE,9 years,169044,33.05,21.02,9.6,0,7,0,Fully Paid,DTI 30-43% (High),Grade A/B (Prime),0,0,0,0.0592,0.1214,1214
LC001993,2024-09-01,2024,9,5000,60,13.7,C,Debt Consolidation,RENT,< 1 year,35379,14.7,32.0,8.4,1,10,0,Fully Paid,DTI < 20% (Low),Grade C/D (High),0,0,0,0.1413,0.1348,674
LC001994,2023-04-01,2023,4,20000,36,9.27,B,Education,RENT,6 years,70196,23.93,27.67,10.8,1,6,0,Fully Paid,DTI 20-30% (Moderate),Grade A/B (Prime),0,0,0,0.2849,0.0933,1866
LC001995,2024-09-01,2024,9,40000,36,5.8,A,Medical,OWN,5 years,41581,23.45,22.22,12.0,0,6,0,Fully Paid,DTI 20-30% (Moderate),Grade A/B (Prime),0,0,0,0.962,0.0398,1592
LC001996,2021-08-01,2021,8,10000,60,27.59,F,Vacation,RENT,4 years,35079,30.06,50.27,11.6,0,9,0,Fully Paid,DTI 30-43% (High),Grade E/F (Critical),0,0,0,0.2851,0.424,4240
LC001997,2020-09-01,2020,9,5000,36,6.23,A,Debt Consolidation,RENT,5 years,53883,45.31,11.43,9.1,0,4,0,Fully Paid,DTI > 43% (Very High),Grade A/B (Prime),0,0,1,0.0928,0.1359,680
LC001998,2022-06-01,2022,6,30000,60,27.22,F,Debt Consolidation,RENT,6 years,58028,27.27,28.62,11.3,0,5,1,Charged Off,DTI 20-30% (Moderate),Grade E/F (Critical),0,0,0,0.517,0.4132,12395
LC001999,2022-09-01,2022,9,10000,36,12.42,C,Debt Consolidation,OWN,2 years,233068,36.47,40.63,13.8,0,6,0,Fully Paid,DTI 30-43% (High),Grade C/D (High),0,0,0,0.0429,0.1725,1725
